,season,team,margin,margin_against,epa,epa_against,epa_net,epa_net_opponent,wepa,d_wepa,wepa_net,wepa_against,d_wepa_against,wepa_net_opponent,wepa_net_normalized
0,2007,NE,332.0,-332.0,313.7151,-41.16817,354.88327,-354.88327,318.12929358034626,10.420751458745576,307.70854212160066,-20.358813549630156,247.3493680105077,-267.70818156013786,326.8989314630457
1,2011,NO,221.0,-221.0,259.33472,4.662956,254.67177,-254.67177,277.77480450065576,24.607454681308948,253.16734981934684,18.64004805216655,220.41322521824918,-201.77317716608263,269.10729837997377
2,1999,LAR,291.0,-291.0,157.4732,-156.77711,314.25034,-314.25034,177.3147053080798,-71.01757932821427,248.33228463629408,-131.81325311189593,150.50000213159666,-282.31325524349256,263.98408230792296
3,2019,BAL,233.0,-233.0,187.73804,-78.417496,266.15555,-266.15555,199.42256976584412,-23.418451698137986,222.84102146398212,-53.822105697222675,155.4561181000922,-209.2782237973149,236.9736400001298
4,2016,NE,234.0,-234.0,155.98463,-109.42961,265.41425,-265.41425,165.67014006597378,-50.64817306870525,216.31831313467904,-81.23621551140121,131.46567405017922,-212.7018895615804,230.06220388069235
5,2001,LAR,260.0,-260.0,135.84218,-141.19266,277.03482,-277.03482,164.83980246063362,-51.453676728104355,216.293479188738,-118.94644872697667,145.43422401294248,-264.3806727399192,230.03588992914032
6,2025,SEA,246.0,-246.0,106.17091,-184.94293,291.11383,-291.11383,116.05476223126821,-98.8806380886082,214.9354003198764,-156.65593744277146,110.97747168153465,-267.6334091243061,228.59687489528895
7,2021,BUF,218.0,-218.0,133.34485,-122.17125,255.51611,-255.51611,153.4923203742236,-57.7039575588416,211.19627793306518,-95.27413103219364,121.50535381114692,-216.77948484334055,224.6349155044165
8,2013,DEN,189.0,-189.0,264.52203,63.776066,200.74596,-200.74596,281.1206240647542,72.25246984387465,208.86815422087957,70.64814040046336,227.77160059922363,-157.12346019876026,222.16804476567268
9,2024,PHI,228.0,-228.0,152.67863,-117.53169,270.21033,-270.21033,161.5245414487322,-44.16232348453735,205.6868649332696,-90.44721560293812,126.52215661027793,-216.96937221321605,218.79716313510983
10,2011,NE,205.0,-205.0,283.33145,68.71141,214.62003,-214.62003,288.99600946763394,88.93691174072536,200.05909772690856,93.21837420229713,230.1950367827097,-136.97666258041255,212.83400311351417
11,2012,NE,224.0,-224.0,245.56421,14.945058,230.61916,-230.61916,256.92202618363416,58.84107772361344,198.08094846002075,45.00148755928802,203.24577072173582,-158.24428316244777,210.73796392203496
12,2024,DET,208.0,-208.0,202.62605,-28.983149,231.60919,-231.60919,208.70345686388828,11.104440936270214,197.59901592761807,-9.676765459203253,173.424723679909,-183.10148913911226,210.22731010410843
13,2024,BAL,169.0,-169.0,221.5254,25.265987,196.25943,-196.25943,234.03301052396787,39.25707296037272,194.77593756359516,28.297679979938664,181.62310096766893,-153.32542098773027,207.2359873608462
14,2023,SF,196.0,-196.0,187.1319,-37.379227,224.51112,-224.51112,201.4673168073261,9.062559606442008,192.40475720088412,-18.52804812648902,160.72291278325517,-179.2509609097442,204.72349396436576
15,2019,KC,185.0,-185.0,179.51538,-33.589165,213.10455,-213.10455,199.02115050097785,8.082639331762167,190.9385111692157,-2.921650383304299,153.08868361906815,-156.01033400237245,203.16986542976935
16,2017,NE,179.0,-179.0,211.54445,16.068798,195.47566,-195.47566,218.72178848410718,28.695576084012195,190.02621240009498,35.98504674570603,169.87764685685465,-133.89260011114862,202.20319723823104
17,2023,BAL,220.0,-220.0,73.77116,-177.94046,251.71162,-251.71162,88.91260232232753,-97.7868341680549,186.69943649038242,-154.5172130743814,78.09752026178708,-232.61473333616848,198.67815855447336
18,2025,LAR,174.0,-174.0,173.6424,-39.204548,212.84694,-212.84694,188.86747505691824,4.0913865533076645,184.77608850361057,-24.3761211344931,149.87907348931697,-174.25519462381007,196.6401865841028
19,2018,KC,156.0,-156.0,260.2592,64.62192,195.63727,-195.63727,270.6520571969548,87.90875329109953,182.74330390585527,98.1805732123486,208.812219332007,-110.63164611965838,194.48625601068665
20,2020,TB,182.0,-182.0,147.8794,-70.160225,218.03961,-218.03961,168.93267390760388,-8.531097580990846,177.46377148859472,-38.314864862355876,135.15835597363596,-173.47322083599184,188.89208420348365
21,2016,ATL,167.0,-167.0,241.18242,39.141666,202.04076,-202.04076,245.93538380624724,68.98815612881,176.94722767743724,72.09419832986495,190.6354517068367,-118.54125337697175,188.34475641056866
22,2004,NE,211.0,-211.0,178.75392,-57.321762,236.07567,-236.07567,184.32695739807238,8.136169871972072,176.1907875261003,-37.57837933331463,157.94626616023726,-195.52464549355187,187.54323539809968
23,2023,DAL,178.0,-178.0,140.13023,-76.684814,216.81505,-216.81505,152.7509860280467,-23.296621842811355,176.04760787085803,-54.628119514355326,126.97923923676127,-181.6073587511166,187.39152279792646
24,2024,BUF,180.0,-180.0,227.99644,12.0292225,215.96722,-215.96722,230.10033189452764,55.319312234232825,174.78101966029482,41.81097770246274,177.08335146310685,-135.2723737606441,186.0494509061613
25,2017,PHI,206.0,-206.0,106.148346,-128.96211,235.11046,-235.11046,120.18137529392914,-54.51656391879396,174.6979392127231,-95.81199019841995,98.66846971728482,-194.48045991570478,185.9614191903192
26,2022,KC,140.0,-140.0,203.25694,30.711332,172.54561,-172.54561,222.8773951553538,48.28052257681067,174.59687257854316,41.66434932346061,171.8977106828878,-130.2333613594272,185.85432938181077
27,2020,GB,149.0,-149.0,217.45018,43.100464,174.34972,-174.34972,230.09413227854293,56.06876912181126,174.02536315673166,58.92122419486715,174.00216064602932,-115.08093645116217,185.24876024379464
28,2011,GB,184.0,-184.0,231.22627,36.73691,194.48936,-194.48936,241.87461071321863,68.5036971204516,173.370913592767,61.813599576853235,188.69495637969675,-126.8813568028435,184.55530805700664
29,2009,NO,217.0,-217.0,173.7242,-53.886513,227.61072,-227.61072,186.2741401633133,14.34446991191668,171.92967025139663,-18.48332395918206,152.7455763061197,-171.22890026530175,183.02817227481995
30,2014,NE,201.0,-201.0,144.19586,-70.23423,214.4301,-214.4301,153.38929941197222,-17.062856592974004,170.45215600494623,-36.516357852783,124.51372504059444,-161.03008289337743,181.4626039841109
31,2004,IND,179.0,-179.0,265.1971,94.24142,170.95569,-170.95569,272.9486008364589,102.51724666313169,170.43135417332726,103.13016597906116,217.23015458649846,-114.0999886074373,181.4405624450533
32,2022,PHI,185.0,-185.0,118.69083,-90.272964,208.96379,-208.96379,141.52515137332452,-28.778613950956164,170.30376532428068,-63.877839002995174,116.54306882113886,-180.42090782413402,181.30536980187216
33,2006,LAC,186.0,-186.0,169.94353,-34.5812,204.52472,-204.52472,169.86506878596956,1.1104084689798555,168.75466031698969,-26.071954817604585,139.80281058961342,-165.874765407218,179.66394422224084
34,2012,DEN,189.0,-189.0,134.86508,-64.81383,199.67891,-199.67891,149.3400891033824,-18.47835313044853,167.81844223383095,-52.34675001067659,129.94432306026937,-182.29107307094594,178.67193121952158
35,2005,SEA,200.0,-200.0,156.89827,-47.380623,204.2789,-204.2789,164.729200036967,-0.7838851887605873,165.51308522572756,-35.877903050306884,132.76949344320957,-168.64739649351645,176.2291839909779
36,2019,SF,192.0,-192.0,73.8644,-150.95543,224.81982,-224.81982,95.50549696654838,-69.65258296953718,165.15807993608556,-119.83712198547066,83.94661330242607,-203.78373528789675,175.85302178081125
37,2009,MIN,186.0,-186.0,108.181984,-98.73748,206.91945,-206.91945,122.52691484113049,-40.24126482651883,162.76817966764932,-74.88261329756155,108.5757712405433,-183.45838453810487,173.3206928457708
38,2005,IND,189.0,-189.0,165.13539,-31.067415,196.20279,-196.20279,173.85235358158286,12.822692095367374,161.02966148621547,-16.80604821932944,139.87146109118908,-156.67750931051853,171.47856581098057
39,2015,CAR,219.0,-219.0,79.07352,-163.1477,242.22122,-242.22122,97.58978233165931,-62.49172367499929,160.08150600665857,-126.05426437461044,85.15809188268061,-211.21235625729105,170.47390398993724
40,2010,NE,198.0,-198.0,206.59239,-2.4342356,209.02661,-209.02661,204.76607875093504,45.32250825040371,159.44357050053134,27.86430787915679,161.91426797120909,-134.04996009205232,169.79795003395367
41,2025,NE,182.0,-182.0,96.211235,-104.92667,201.1379,-201.1379,115.83233886559778,-42.63280612137963,158.4651449869774,-83.5121014525426,100.45275274020102,-183.96485419274362,168.76121420381142
42,2010,GB,193.0,-193.0,109.32478,-106.79934,216.12411,-216.12411,124.63125067742465,-33.67087626915247,158.30212694657712,-86.8004638583298,104.21863907406018,-191.01910293238998,168.58848092866546
43,2021,TB,171.0,-171.0,103.99862,-96.72796,200.72658,-200.72658,125.19831190108945,-32.59975679955975,157.7980687006492,-67.77102113506801,97.45068310480788,-165.2217042398759,168.05438279161464
44,2021,KC,140.0,-140.0,203.8407,40.470547,163.37015,-163.37015,223.79051607737094,66.12142320078352,157.6690928765874,70.00506853176897,181.82422052887262,-111.81915199710362,167.91772051515653
45,2018,NO,154.0,-154.0,149.21304,-31.353634,180.56668,-180.56668,165.4974894405877,9.953253517785,155.54423592280273,0.7328417222707229,132.48064228224106,-131.74780055997033,165.66623043502378
46,2013,SEA,235.0,-235.0,66.69732,-183.14963,249.84695,-249.84695,73.38579048777517,-80.9070247167765,154.29281520455166,-146.91426036202353,68.98870444029679,-215.9029648023203,164.3402299585228
47,2007,IND,184.0,-184.0,143.36006,-53.27938,196.63943,-196.63943,155.92863826090064,3.7774696613382144,152.15116859956242,-28.94199888763163,124.81452240611426,-153.7565212937459,162.07094962993654
48,2020,BAL,158.0,-158.0,100.48918,-92.8593,193.34848,-193.34848,112.24441893534858,-38.25795968131057,150.50237861665914,-61.22042971533113,96.13037016897971,-157.35079988431085,160.32389824178688
49,1999,JAX,215.0,-215.0,83.895706,-135.28815,219.18385,-219.18385,90.45460334096651,-59.32229990411988,149.7769032450864,-118.00729855650164,83.04051558845565,-201.04781414495727,159.5551873883022
50,2012,SEA,175.0,-175.0,137.50154,-59.281353,196.78288,-196.78288,143.54100542772403,-6.2319606165549395,149.77296604427897,-35.00060754196803,119.12731912356199,-154.12792666553003,159.55101554579505
51,2022,BUF,155.0,-155.0,100.59846,-73.488045,174.0865,-174.0865,122.50285684595318,-22.143154007962746,144.64601085391593,-47.028091136893096,111.70743131416008,-158.73552245105316,154.11851396877015
52,2022,SF,174.0,-174.0,64.97519,-141.70236,206.67755,-206.67755,79.99678090976357,-63.954771123506525,143.9515520332701,-112.08678641381225,67.46239007369645,-179.5491764875087,153.3826681307904
53,2000,OAK,194.0,-194.0,109.89131,-93.6443,203.53561,-203.53561,117.57993298748252,-24.138645929846547,141.71857891732907,-67.02856915295615,105.16692095019977,-172.19549010315592,151.01661859000146
54,2015,NE,155.0,-155.0,94.61128,-82.17383,176.78511,-176.78511,103.3363727221575,-38.354472251478384,141.6908449736359,-64.8083862255731,86.50166959013146,-151.31005581570454,150.9872318122248
55,2020,BUF,129.0,-129.0,184.96251,32.00612,152.9564,-152.9564,196.81310394690163,55.13823632341871,141.6748676234829,59.36432070763479,159.5988293100115,-100.23450860237669,150.97030227477416
56,2002,OAK,156.0,-156.0,155.50468,-11.824774,167.32947,-167.32947,171.53712811522394,30.8248884135402,140.71223970168376,6.845901738029867,146.5534464449363,-139.70754470690642,149.95030551079
57,2005,PIT,176.0,-176.0,114.916985,-75.11973,190.03671,-190.03671,121.10481889188108,-19.473853594445817,140.5786724863269,-59.4488517235737,108.71016561112323,-168.15901733469693,149.80877821415422
58,2001,PIT,150.0,-150.0,32.97198,-167.26884,200.24081,-200.24081,53.49212346206804,-86.42010379560868,139.91222725767673,-146.3423073143141,48.96727881579852,-195.30958613011262,149.10261546819382
59,2025,BUF,116.0,-116.0,182.99821,41.866043,141.13217,-141.13217,197.55787677332023,57.87709724583804,139.6807795274822,48.82823279741652,160.63689156793086,-111.80865877051433,148.8573743625871
60,2018,LAR,144.0,-144.0,149.68689,-20.827446,170.51434,-170.51434,165.80373015229932,26.52150319719295,139.28222695510635,12.449275025323205,132.2974738067153,-119.84819878139209,148.4350696227234
61,2007,GB,163.0,-163.0,117.75591,-55.107304,172.86322,-172.86322,126.32167437424393,-9.645475814106625,135.96715018835056,-37.22865580072178,110.95440308079787,-148.18305888151966,144.92242730487933
62,2015,ARI,148.0,-148.0,90.73355,-75.777176,166.51074,-166.51074,117.57136533345349,-15.190648993938913,132.7620143273924,-52.77703107011848,100.68897748619176,-153.46600855631024,141.52627793888473
63,2003,IND,139.0,-139.0,203.71248,53.353065,150.3594,-150.3594,206.3503492891597,73.85783637618734,132.49251291297236,64.85929470903477,174.2456978029459,-109.38640309391111,141.24071529897728
64,2023,BUF,151.0,-151.0,99.733864,-66.15092,165.88478,-165.88478,120.84383314273734,-10.988275914018425,131.83210905675577,-42.14958263483142,96.41453235045394,-138.56411498528536,140.54095396751225
65,2009,GB,158.0,-158.0,102.74083,-82.225296,184.96613,-184.96613,123.55835254129599,-7.745296976248781,131.30364951754478,-56.77835747457755,99.51993300914594,-156.2982904837235,139.98100031596604
66,2020,KC,108.0,-108.0,213.76799,91.22997,122.53802,-122.53802,224.6064006636342,93.92065761932173,130.68574304431246,105.54756955176185,176.6178428824853,-71.07027333072342,139.32626904454824
67,2021,DAL,166.0,-166.0,66.61155,-125.04297,191.65451,-191.65451,84.21240038648389,-46.17402526666289,130.38642565314677,-91.00355680337579,73.1062020744117,-164.10975887778747,139.00911351282156
68,2002,PHI,171.0,-171.0,34.605606,-184.43727,219.04288,-219.04288,38.654541441733066,-91.6609355967049,130.31547703843796,-155.76454071487495,52.140607901560415,-207.90514861643538,138.93393663941765
69,2018,NE,140.0,-140.0,100.778046,-59.54869,160.32675,-160.32675,119.27996671558412,-10.831628291081172,130.11159500666528,-33.18336157230453,96.57712409290016,-129.7604856652047,138.71790403955916
70,2020,NO,147.0,-147.0,66.50526,-92.80012,159.30537,-159.30537,88.18755704338534,-41.835655900782406,130.02321294416774,-69.64919554970788,75.04418180956057,-144.69337735926845,138.62425475337054
71,2024,TB,114.0,-114.0,151.73462,19.152,132.58261,-132.58261,163.9489574262984,34.00907548783795,129.93988193846045,33.40923018960282,137.64151263919902,-104.2322824495962,138.53595754711233
72,2019,NE,188.0,-188.0,-25.107048,-242.74721,217.64015,-217.64015,-8.594450337638655,-138.39127381789126,129.79682348025258,-211.8362580429112,0.7406750317748108,-212.576933074686,138.38437336684063
73,2012,SF,139.0,-139.0,124.265335,-27.60171,151.86703,-151.86703,138.64221355472807,12.02294514137543,126.61926841335264,-9.639853524514455,111.29340198000682,-120.93325550452128,135.0174485018712
74,2003,KC,145.0,-145.0,192.21922,42.776882,149.44234,-149.44234,188.81397048569062,63.367076633235115,125.44689385245549,56.030569775468365,156.3870087235053,-100.35643894803694,133.7752050231474
75,2021,LAR,120.0,-120.0,59.475174,-94.43704,153.91222,-153.91222,85.65489834264416,-38.43070948046693,124.08560782311109,-71.85414710040186,76.99902728322273,-148.8531743836246,132.33279169464868
76,2010,LAC,119.0,-119.0,78.53194,-57.462997,135.99493,-135.99493,105.91397609639773,-17.99435611814506,123.9083322145428,-53.62080981305889,89.00006740397247,-142.62087721703136,132.14495115628674
77,2006,NE,168.0,-168.0,76.69606,-103.102585,179.79865,-179.79865,89.31363739557415,-34.24909780749988,123.56273520307404,-74.97354244936639,83.26283396233771,-158.2363764117041,131.77875792070938
78,2004,PHI,153.0,-153.0,121.590675,-38.31481,159.90549,-159.90549,125.62620183984225,2.4673168995204318,123.15888494032183,-21.93978937560964,116.31511979898059,-138.25490917459024,131.35083976893637
79,2004,LAC,130.0,-130.0,186.95856,53.51695,133.4416,-133.4416,190.63285097797407,68.53392082062332,122.09893015735076,62.291966812387045,155.1297795032663,-92.83781269087923,130.22771584523036
80,2014,GB,137.0,-137.0,120.47965,-35.513367,155.99303,-155.99303,138.25626086935452,16.28025587105312,121.9760049983014,-8.823237728907586,108.38999478129364,-117.21323251020124,130.09746482964766
81,2015,SEA,140.0,-140.0,76.48859,-85.04267,161.53127,-161.53127,88.99446275739703,-32.80427425540006,121.7987370127971,-65.70136556788182,77.70970014392171,-143.41106571180353,129.9096323686544
82,2002,TB,219.0,-219.0,-22.01317,-255.64075,233.62758,-233.62758,-5.541121526044485,-126.5369069843632,120.99578545831872,-226.167227366722,14.045124032494462,-240.21235139921643,129.05882805614985
83,2009,IND,125.0,-125.0,122.51164,-10.477413,132.98906,-132.98906,144.1319013191277,23.95027046468565,120.18163085444206,2.6058596673817505,120.66726045983906,-118.06140079245729,128.19615303651725
84,2017,LAR,136.0,-136.0,65.12085,-98.68034,163.8012,-163.8012,76.75785025163445,-42.94638632538913,119.70423657702358,-73.14012562995276,70.84549947564413,-143.98562510559688,127.69030793574214
85,2016,DAL,112.0,-112.0,119.40819,-11.552889,130.96107,-130.96107,132.60541476160486,13.534773038900049,119.07064172270483,12.277583752959437,106.08202956915132,-93.80444581619189,127.01895331736138
86,2009,LAC,131.0,-131.0,170.39189,31.689302,138.70259,-138.70259,170.14219655970368,52.212505997657345,117.92969056204635,43.97551902216503,141.09634019620452,-97.1208211740395,125.81000595007481
87,2019,DAL,113.0,-113.0,78.20566,-47.83588,126.04154,-126.04154,101.8551166011365,-13.674373461825708,115.52949006296221,-29.459109612251986,78.1407331588365,-107.59984277108848,123.26676293110721
88,2021,NE,129.0,-129.0,62.21402,-85.02153,147.23557,-147.23557,86.50454530651804,-28.78578997520797,115.29033528172602,-52.138155457980844,78.42757015480537,-130.5657256127862,123.01335546449607
89,2014,DAL,114.0,-114.0,124.2845,-7.2578077,131.5423,-131.5423,143.06359608775833,28.979409512021874,114.08418657573645,18.798888095967136,117.7289485264575,-98.93006043049037,121.73532503432357
90,2017,NO,122.0,-122.0,95.03152,-41.077484,136.109,-136.109,109.7133587397762,-3.9636844999517447,113.67704323972794,-21.655445907769867,91.27230096599789,-112.92774687376775,121.30391755506592
91,2000,IND,97.0,-97.0,143.00752,27.112997,115.89452,-115.89452,157.24462072766434,43.583412010156934,113.6612087175074,37.5680489333586,131.76579243474046,-94.19774350138185,121.28713935753142
92,2003,GB,138.0,-138.0,106.366066,-39.50823,145.87428,-145.87428,119.7235891265339,6.457028676846579,113.2665604496873,-27.179035792694133,111.55135828734021,-138.73039408003436,120.86897160343582
93,2013,NO,104.0,-104.0,102.44905,-15.454476,117.90353,-117.90353,119.06699408852145,5.900576142517521,113.16641794600393,-7.438355762351459,96.0492908184649,-103.48764658081636,120.76286099997088
94,2000,BAL,240.0,-240.0,-44.619225,-298.67093,254.0517,-254.0517,-42.83844111797819,-155.9512886940861,113.11284757610788,-258.7210822018319,-7.727793768588568,-250.99328843324335,120.70609804649527
95,2022,CIN,117.0,-117.0,75.293976,-66.63743,141.9314,-141.9314,94.75007972459586,-18.126497058774152,112.87657678337001,-42.533352475888755,78.57012732405009,-121.10347979993884,120.45574644276641
96,2015,CIN,138.0,-138.0,49.75663,-103.69651,153.45314,-153.45314,66.70087103511818,-46.1395727346998,112.840443769818,-79.32281254283264,60.32511717339323,-139.64792971622586,120.41746004356538
97,2014,SEA,156.0,-156.0,44.382164,-121.61158,165.99374,-165.99374,59.77499028125722,-51.93529286511887,111.71028314637609,-93.97268888322833,50.08921537334667,-144.061904256575,119.21994628711985
98,2014,BAL,116.0,-116.0,100.29045,-39.62216,139.91261,-139.91261,110.30591653824963,-0.2514757140935515,110.55739225234318,-17.577011970155045,98.00926945296413,-115.58628142311917,117.99834762525833
99,2013,SF,144.0,-144.0,68.4682,-98.5218,166.98999,-166.98999,73.50650511671263,-36.955804913243284,110.4623100299559,-75.00583079079135,69.70440545820956,-144.71023624900093,117.897598875974
100,2017,JAX,155.0,-155.0,-4.5922313,-194.70784,190.1156,-190.1156,15.917831713268065,-94.52578084422831,110.44361255749638,-161.59778314352562,20.2972985261496,-181.89508166967522,117.87778710761417
101,2007,DAL,126.0,-126.0,130.036,-3.8942652,133.93027,-133.93027,140.31056641483255,31.395371369618147,108.9151950452144,10.054349334870462,122.42661999061527,-112.3722706557448,116.25828191641776
102,2024,WAS,79.0,-79.0,196.82034,94.75931,102.06104,-102.06104,204.0024523732537,95.88514848577539,108.1173038874783,107.54841015096792,164.92526874662116,-57.37685859565324,115.41283958042015
103,2022,DAL,135.0,-135.0,39.86663,-121.87206,161.7387,-161.7387,55.35705920848709,-52.25005772017174,107.60711692865881,-93.8198764208145,54.81093828704126,-148.63081470785576,114.87224748326781
104,2006,CHI,188.0,-188.0,-42.01886,-242.59752,200.57866,-200.57866,-17.74799510013579,-123.72268896390277,105.97469386376697,-196.88771825943192,19.83361718289882,-216.72133544233074,113.14253841714103
105,2009,NE,123.0,-123.0,79.79516,-47.56469,127.35985,-127.35985,101.6992978412761,-3.9306295704063494,105.62992741168247,-25.036885396006777,88.33630903836104,-113.37319443436782,112.77722523902415
106,2024,GB,110.0,-110.0,83.071266,-55.295395,138.36665,-138.36665,97.59414502285631,-7.4394847962991655,105.03362981915548,-39.08044755056079,85.4807585004871,-124.56120605104789,112.14539065270516
107,2008,NE,101.0,-101.0,133.08821,19.967182,113.121025,-113.121025,141.0615394754001,36.77692381631835,104.28461565908175,30.939562231541807,120.86506986435562,-89.9255076328138,111.35173819140358
108,2025,JAX,135.0,-135.0,83.970795,-70.228355,154.19916,-154.19916,91.23837260376968,-12.58102738855863,103.81939999232831,-48.07421524454598,86.32867087019604,-134.40288611474202,110.85879749864209
109,2007,JAX,98.0,-98.0,120.474335,-3.2924805,123.766815,-123.766815,134.12956979204415,30.364157208003206,103.76541258404094,12.888140560097934,111.49658471834258,-98.60844415824464,110.80159265292549
110,2005,LAC,106.0,-106.0,127.10459,13.3845625,113.720024,-113.720024,135.3770668241404,31.742126975023805,103.6349398491166,16.91559643980744,119.96066985965739,-103.04507341984994,110.66334425559845
111,2006,IND,107.0,-107.0,146.17091,35.14628,111.02464,-111.02464,166.1440109665303,62.56033465133015,103.58367631520015,52.745250362327695,139.97801746113316,-87.23276709880547,110.60902561646377
112,2010,PIT,149.0,-149.0,44.801712,-114.88724,159.68895,-159.68895,60.54063686932035,-41.743611199766534,102.2842480690869,-92.7260072733558,61.37914205205463,-154.10514932541042,109.23215655205108
113,2015,KC,141.0,-141.0,56.583313,-112.45219,169.0355,-169.0355,61.30263959693756,-40.71297580150463,102.0156153984422,-87.29705300981,60.17418565565778,-147.47123866546778,108.94751442963486
114,2001,PHI,166.0,-166.0,45.104156,-130.28653,175.39069,-175.39069,43.8707901883619,-57.875161178390556,101.74595136675246,-108.08502841560383,56.607273027121806,-164.69230144272564,108.66177948110733
115,2008,PHI,144.0,-144.0,10.852642,-152.13387,162.98651,-162.98651,30.056740286068692,-71.00358783008757,101.06032811615627,-131.70288454672925,43.97123121854453,-175.6741157652738,107.93529577843915
116,2018,CHI,137.0,-137.0,-7.762568,-166.97855,159.21597,-159.21597,21.665158446976456,-79.02699209319633,100.69215054017279,-134.1044704537779,22.849411481343004,-156.9538819351209,107.5451762654161
117,2001,SF,117.0,-117.0,117.5935,-9.191658,126.78516,-126.78516,129.62016682914552,29.179016258226962,100.44115057091855,5.03376126105147,111.28455723584446,-106.25079597479298,107.27921768411821
118,2013,NE,117.0,-117.0,132.97049,9.490486,123.48,-123.48,141.19457155628564,41.0452229518645,100.14934860442112,31.98161150599683,120.83637397096574,-88.85476246496891,106.97002546684352
119,2007,PIT,122.0,-122.0,77.24365,-56.955257,134.19891,-134.19891,84.94950973142026,-13.762043612109599,98.71155334352986,-47.48920338280711,81.63894453735324,-129.12814792016033,105.44654325718575
120,2005,CAR,143.0,-143.0,62.71705,-103.12866,165.84572,-165.84572,70.21352217075074,-28.403800257898784,98.61732242864952,-80.46315167372026,77.57748819043132,-158.04063986415156,105.34669654999117
121,2000,LAR,66.0,-66.0,183.2241,112.13887,71.085236,-71.085236,205.91452356231602,107.84376370159404,98.07075986072198,118.00041787096453,175.33489725878613,-57.3344793878216,104.76756100033974
122,2014,DEN,117.0,-117.0,62.375492,-62.716034,125.09153,-125.09153,78.19631436673274,-19.781591524843403,97.97790589157614,-45.66855653667652,68.64391553046167,-114.31247206713819,104.66917329943571
123,2008,NYG,121.0,-121.0,99.9411,-30.98436,130.92546,-130.92546,104.06949580157067,6.315560327256677,97.75393547431398,-19.65918084051082,92.98411268873039,-112.64329352924122,104.43185512523543
124,2023,KC,109.0,-109.0,24.157927,-108.19335,132.35129,-132.35129,43.72192337862814,-53.70704922572264,97.42897260435078,-89.09019472823383,51.71383660948821,-140.80403133772202,104.08752574493035
125,2012,ATL,118.0,-118.0,104.79689,-22.728535,127.52542,-127.52542,120.88658660225026,24.030279861799794,96.85630674045046,6.78208471818254,102.56954020877241,-95.78745549058986,103.4807312454203
126,2012,GB,97.0,-97.0,125.04876,19.959785,105.088974,-105.088974,134.82614337207337,40.14330610324666,94.6828372688267,32.41355775777576,106.60507040006316,-74.19151264228739,101.17773153237317
127,2009,BAL,132.0,-132.0,44.129074,-101.981415,146.11049,-146.11049,59.88100310584291,-34.598505889553195,94.4795089953961,-80.28719421340274,58.10456905885658,-138.3917632722593,100.96228569267835
128,2008,LAC,87.0,-87.0,170.07297,75.14911,94.92387,-94.92387,177.04362557168633,82.72489880087448,94.31872677081185,84.36276187031801,151.14730914992577,-66.78454727960776,100.79192147918701
129,2001,GB,106.0,-106.0,46.753654,-90.8722,137.62585,-137.62585,66.11621643013751,-26.57931402025357,92.69553045039109,-69.34315462411587,72.6177692123056,-141.96092383642147,99.07198903525193
130,2009,DAL,100.0,-100.0,46.460217,-61.91449,108.37471,-108.37471,68.56207281425404,-23.29519805469169,91.85727086894572,-45.12879472179357,58.59181680710048,-103.72061152889404,98.18377247609067
131,2011,PIT,92.0,-92.0,41.732613,-60.729168,102.461784,-102.461784,66.85587328959878,-24.91401632030884,91.76988960990761,-46.890726028600426,62.74078571489025,-109.63151174349068,98.09118363731571
132,2019,NO,111.0,-111.0,55.34312,-74.92396,130.26707,-130.26707,61.81486207521335,-29.476299374816787,91.29116145003013,-51.448022083658756,49.500627690639256,-100.948649774298,97.5839251599276
133,2000,TEN,141.0,-141.0,-9.451426,-154.445,144.99359,-144.99359,3.852825634992012,-86.74326665753333,90.59609229252534,-145.25722037588682,25.016744405580432,-170.27396478146727,96.84743261140997
134,2018,LAC,92.0,-92.0,66.07881,-39.485962,105.56477,-105.56477,88.39658561818068,-1.919071692002472,90.31565731018316,-17.562591580193523,70.19832676213595,-87.76091834232946,96.55028480588781
135,2021,GB,76.0,-76.0,107.4503,7.7695246,99.68077,-99.68077,121.48810553612128,31.360971278620724,90.12713425750056,22.677036703985916,90.61117003792741,-67.9341333339415,96.3505265199311
136,1999,IND,87.0,-87.0,90.34099,-11.968248,102.309235,-102.309235,105.33661792089069,15.35923204693989,89.9773858739508,-5.264346669088832,94.1099452295987,-99.37429189868753,96.19185372105036
137,2011,HOU,117.0,-117.0,3.6287894,-126.566154,130.19495,-130.19495,25.22347090636237,-63.98956820604126,89.21303911240362,-111.22861299035964,31.102706786066882,-142.3313197764265,95.38195489546597
138,2017,PIT,95.0,-95.0,71.06337,-28.463736,99.52711,-99.52711,89.88539410946653,2.179174349786237,87.70621975968028,-13.332012910730079,77.1391513011962,-90.47116421192626,93.78533502928344
139,2005,DEN,134.0,-134.0,109.59265,-27.804726,137.39738,-137.39738,111.51948682669715,24.486604614415114,87.03288221228203,-5.502491770567289,97.12895872536862,-102.6314504959359,93.07186920945598
140,2020,IND,86.0,-86.0,78.843376,-35.98628,114.82966,-114.82966,94.78397301274359,7.908598390066931,86.87537462267666,-4.621353407813137,77.23657679310155,-81.8579302009147,92.90497478632294
141,2013,LAC,58.0,-58.0,182.42561,112.313484,70.11214,-70.11214,192.41457473792357,105.58644489386865,86.82812984405493,120.91481612487641,155.21030274621964,-34.29548662134322,92.85491440450974
142,2011,SF,152.0,-152.0,21.943941,-145.74707,167.69101,-167.69101,17.432317171010794,-67.64673259529553,85.07904976630633,-114.75348324742662,24.340998009244473,-139.0944812566711,91.00159602587978
143,2008,NO,70.0,-70.0,118.118614,43.214825,74.903786,-74.903786,138.11657395472727,54.05638168124669,84.06019227348058,54.19836285627177,119.18230429139734,-64.98394143512557,89.9220186293495
144,2002,NYJ,44.0,-44.0,111.46843,6.4014106,105.06702,-105.06702,114.0382120750028,31.311742391675203,82.7264696833276,19.851336646590493,104.2853448586511,-84.4340082120606,88.50881141272727
145,2004,KC,48.0,-48.0,213.64183,161.87128,51.77055,-51.77055,222.37372428514425,139.81048475652494,82.56323952861929,163.54279648421047,181.4970991326329,-17.954302648422434,88.33585338209387
146,2008,BAL,153.0,-153.0,-61.414818,-242.7185,181.3037,-181.3037,-43.648355957883346,-126.10701872842789,82.45866277054455,-216.63325491831392,-14.311383317971007,-202.32187160034292,88.22504426009705
147,2001,OAK,83.0,-83.0,132.73505,44.542408,88.19264,-88.19264,135.8326941147423,53.75093429990283,82.08175981483947,48.75752520191721,117.05797167094855,-68.30044646903134,87.8256793690011
148,2023,MIA,86.0,-86.0,80.58482,-21.442852,102.02768,-102.02768,100.30052990431544,19.034989267184876,81.26554063713057,-1.6231641951502862,91.507136907764,-93.13030110291427,86.96081673504709
149,2008,PIT,148.0,-148.0,-26.57616,-185.62419,159.04803,-159.04803,-14.249433421167067,-95.39984087063948,81.15040744947241,-165.23027195845515,7.084909655625189,-172.31518161408033,86.83882206173757
150,2018,BAL,96.0,-96.0,-7.004013,-117.93421,110.9302,-110.9302,13.6093746095695,-67.18158464066273,80.79095925023223,-98.35328996390828,21.840516952552868,-120.19380691646114,86.45795216201591
151,2025,HOU,121.0,-121.0,-27.856905,-187.97728,160.12038,-160.12038,-19.076636164085173,-98.11481242425079,79.03817626016561,-154.55365702783558,1.9828652115306244,-156.5365222393662,84.6007101920417
152,2017,MIN,104.0,-104.0,-18.587685,-138.1078,119.52011,-119.52011,1.9653836651357643,-76.9803683033284,78.94575196846415,-118.36753579332878,8.863610665219296,-127.23114645854808,84.50277777566963
153,2013,CAR,112.0,-112.0,59.666775,-54.73861,114.40538,-114.40538,66.65372919139064,-11.569541235443582,78.22327042683422,-41.45897568003939,61.399630378950306,-102.8586060589897,83.73723917263025
154,2014,IND,78.0,-78.0,33.679794,-63.304436,96.98423,-96.98423,59.04308149440313,-18.856290333170552,77.8993718275737,-40.50010173054272,68.33529331008576,-108.83539504062848,83.39403748938045
155,2002,KC,68.0,-68.0,195.27547,119.74497,75.5305,-75.5305,194.4687958875254,116.65067056588474,77.81812532164066,133.93737063307745,154.6080360130301,-20.670665379952652,83.30794901089352
156,2008,TEN,138.0,-138.0,-5.5841293,-150.5986,145.01448,-145.01448,0.9416885294247272,-76.65484714496017,77.5965356743849,-125.29360170771267,14.052654281860423,-139.34625598957308,83.0731534912385
157,2021,CIN,94.0,-94.0,48.248657,-61.020958,109.26962,-109.26962,67.5134161553103,-9.680954600487684,77.19437075579799,-31.96991800054908,66.2285874273541,-98.19850542790317,82.64702112352167
158,2013,CIN,108.0,-108.0,19.085926,-91.97426,111.06018,-111.06018,44.36483742417548,-32.54683631361419,76.91167373778967,-70.44235981047592,55.18209345565565,-125.62445326613157,82.34747647389472
159,2018,PIT,68.0,-68.0,55.820095,-9.893591,65.713684,-65.713684,86.7835884312688,10.531350189600825,76.25223824166797,8.086536837622809,71.01029754277491,-62.9237607051521,81.64874121298176
160,2015,PIT,99.0,-99.0,26.99996,-85.782005,112.78197,-112.78197,52.16257833757389,-23.909454639973777,76.07203297754766,-58.54252540994763,50.20706213077152,-108.74958754071915,81.45779642310688
161,2010,BAL,103.0,-103.0,46.734394,-69.34341,116.077805,-116.077805,56.62071957226369,-18.898310859118435,75.51903043138212,-50.03196666731773,59.6947317842382,-109.72669845155593,80.87183709781574
162,2020,SEA,78.0,-78.0,104.86438,20.557758,84.30662,-84.30662,114.74692356551914,40.06902069246161,74.67790287305752,40.75769203818705,103.66374560514845,-62.906053566961404,79.9805816416209
163,2018,IND,85.0,-85.0,39.40279,-56.03374,95.43654,-95.43654,65.63387624633015,-8.74768359387239,74.38155984020253,-29.11175597329274,62.06578763890754,-91.17754361220028,79.6665777282746
164,2006,JAX,97.0,-97.0,-6.8939176,-118.91865,112.02473,-112.02473,9.490824139465783,-63.84148357271983,73.33230771218561,-102.4620805185647,20.11757517370132,-122.57965569226603,78.55479429570963
165,2006,NO,69.0,-69.0,54.54148,-21.518734,76.06021,-76.06021,75.65129106668377,2.840052635326786,72.81123843135698,-12.742980964765227,72.96698544604136,-85.70996641080657,78.00267133291068
166,2011,BAL,116.0,-116.0,-2.1763248,-124.5997,122.42337,-122.42337,19.274025205735597,-53.37770983410841,72.65173503984401,-104.01274415696199,26.05036221708011,-130.06310637404212,77.83366216591742
167,2021,SF,68.0,-68.0,47.887993,-35.341923,83.22991,-83.22991,70.62728594289436,-1.9926946614550693,72.61998060434944,-15.947677176848122,63.42758592885859,-79.37526310570671,77.80001529082358
168,2003,SEA,71.0,-71.0,96.99167,12.3683605,84.623314,-84.623314,106.49042499000383,34.25107536275881,72.23934962724502,22.67550887727987,98.23777420495824,-75.56226532767838,77.39670020289947
169,2013,KC,124.0,-124.0,77.42148,-61.87113,139.2926,-139.2926,75.75075944821403,3.619094526083094,72.13166492213094,-27.164375520334897,72.43327482994378,-99.59765035027868,77.2825979124302
170,2020,PIT,93.0,-93.0,7.9535217,-97.15082,105.10435,-105.10435,26.161575121528717,-44.84164765701527,71.003222778544,-80.57331383910405,30.793317718785012,-111.36663155788906,76.08690505048746
171,2003,TEN,111.0,-111.0,61.04959,-59.60003,120.64962,-120.64962,72.55055873959807,1.659571272305341,70.89098746729273,-39.51603128094448,74.57777498105717,-114.09380626200166,75.96798095563356
172,2008,IND,73.0,-73.0,108.94587,31.296192,77.64967,-77.64967,120.61751599424963,49.89256525687293,70.7249507373767,40.91135512166666,98.77903481156919,-57.86767968990253,75.79204908893647
173,2024,MIN,82.0,-82.0,11.633699,-103.21095,114.84466,-114.84466,29.700526599627864,-40.81428899304509,70.51481559267295,-82.45468192192506,38.04114871146021,-120.49583063338525,75.56939071518332
174,2005,KC,78.0,-78.0,135.03398,55.64067,79.39331,-79.39331,141.47202411988218,71.51180178705188,69.96022233283031,62.54978517178701,123.84987217213,-61.300087000343,74.98174587592949
175,2016,PIT,73.0,-73.0,77.33144,-5.222374,82.55382,-82.55382,95.10766342806188,25.271756647368317,69.83590678069356,16.287709819732598,82.71992353807707,-66.43221371834449,74.85002160529396
176,2019,TEN,83.0,-83.0,44.890114,-50.99318,95.8833,-95.8833,66.89226092165345,-2.730440944162325,69.62270186581577,-23.64991003915152,56.11085527720007,-79.7607653163516,74.62411051512485
177,2002,ATL,94.0,-94.0,54.289436,-60.816437,115.10587,-115.10587,63.998980348972836,-5.5457579667896795,69.54473831576252,-35.74580932790277,66.76681868686337,-102.51262801476614,74.54150064379013
178,2007,LAC,134.0,-134.0,14.881713,-131.60413,146.48584,-146.48584,29.47559829193682,-39.85523530498937,69.33083359692618,-91.47272546469937,43.68715366888394,-135.1598791335833,74.31484804409594
179,2011,PHI,68.0,-68.0,28.99851,-47.455498,76.45401,-76.45401,57.62441269793191,-11.250119333185806,68.87453203111771,-31.82770216166255,60.19673303378379,-92.02443519544633,73.83135269767418
180,2000,DEN,98.0,-98.0,94.74074,-4.1042213,98.844955,-98.844955,110.65610915341817,42.007797860075584,68.64831129334259,18.543229638696747,96.50481599624135,-77.9615863575446,73.59165009269937
181,2000,PHI,114.0,-114.0,38.601547,-79.457214,118.05876,-118.05876,39.7484816944699,-28.191701796760782,67.94018349123067,-70.49076729330243,53.9116441679614,-124.40241146126382,72.84132065566058
182,2017,KC,75.0,-75.0,87.67065,-6.939966,94.61061,-94.61061,92.06077257208715,24.412711625676778,67.64806094641037,20.60611555972046,74.40870577490264,-53.80259021518218,72.53178875485447
183,2017,LAC,83.0,-83.0,18.186989,-76.74256,94.92955,-94.92955,39.131841515926254,-27.691250100526712,66.82309161645296,-57.27855268480335,30.219047374074158,-87.49760005887751,71.65765449395538
184,2010,ATL,99.0,-99.0,74.08112,-27.979313,102.06044,-102.06044,82.20678538706298,15.534729939161988,66.67205544790099,-3.945003004137302,74.3611130528608,-78.3061160569981,71.49761716314573
185,2010,NO,72.0,-72.0,65.82909,-11.304226,77.13331,-77.13331,84.21530013452472,18.248690270618628,65.9666098639061,0.4512239753781646,82.03560798065405,-81.58438400527588,70.7501297938859
186,2025,IND,54.0,-54.0,114.455666,45.26243,69.19324,-69.19324,124.49534571514295,58.65113400774634,65.8442117073966,54.2198646580699,110.77518110978203,-56.55531645171212,70.62043718812397
187,2021,IND,86.0,-86.0,54.415085,-43.4078,97.822876,-97.822876,68.48279407234033,2.934313626405964,65.54848044593437,-11.16951545550413,59.76674309326185,-70.93625854876598,70.30708150534194
188,2012,BAL,90.0,-90.0,108.05883,14.489738,93.569084,-93.569084,112.93226081251296,48.63886570039149,64.29339511212147,31.017045056118544,103.79815483166605,-72.78110977554752,68.97719801658913
189,2016,SEA,66.0,-66.0,4.870355,-85.96064,90.83099,-90.83099,22.25639085822602,-41.64916058258996,63.90555144081598,-64.87068240999494,26.186352330985606,-91.05703474098054,68.56624038622664
190,2000,NYG,106.0,-106.0,34.839024,-77.0875,111.92652,-111.92652,43.08772825998132,-20.04681731500037,63.134545574981686,-65.04028637249027,53.002304988716084,-118.04259136120635,67.74928559990177
191,2020,TEN,45.0,-45.0,171.59088,128.12808,43.46279,-43.46279,185.37516852048313,122.2440553645757,63.13111315590743,148.59992186404156,141.7687763667406,6.831145497300939,67.7456486221359
192,1999,WAS,79.0,-79.0,102.4636,22.985445,79.478165,-79.478165,115.40129283525118,52.29364443738294,63.10764839786824,31.812290703776924,102.62014752536994,-70.807856821593,67.72078545670547
193,2016,GB,49.0,-49.0,140.82954,87.190765,53.638775,-53.638775,157.76777459695592,94.86487257178344,62.90290202517248,105.04140243221846,121.501102882791,-16.459700450572534,67.5038370046007
194,2019,MIN,93.0,-93.0,6.961752,-101.69833,108.660095,-108.660095,28.414994287882386,-34.431712478557166,62.84670676643957,-68.47492885516543,29.954775637478605,-98.42970449264403,67.44429272922616
195,2025,DEN,90.0,-90.0,27.09972,-61.14145,88.241165,-88.241165,37.073768766422994,-25.62118879063433,62.69495755705733,-52.03180389465689,38.04330267238313,-90.07510656704002,67.28349986315413
196,1999,MIN,69.0,-69.0,58.961105,-6.8486557,65.80976,-65.80976,86.47584231409003,23.95394114437744,62.52190116971259,15.507148880494233,87.56152498859262,-72.05437610809838,67.10012999502429
197,2014,KC,72.0,-72.0,35.122047,-42.212856,77.3349,-77.3349,41.41944372568981,-20.985218510388037,62.40466223607785,-36.60464149598417,39.86452020527157,-76.46916170125574,66.97590408155101
198,2006,DAL,74.0,-74.0,76.587685,-7.4551187,84.0428,-84.0428,92.81846792419306,30.90914676564214,61.90932115855092,10.648636012039127,89.08929359566442,-78.44065758362528,66.45104262189004
199,2018,SEA,79.0,-79.0,71.19184,-15.595339,86.78718,-86.78718,83.77531134760262,22.012596336406684,61.762715011195944,11.61372062074444,66.66298126303198,-55.04926064228754,66.29569932413615
200,2025,DET,68.0,-68.0,95.85053,21.466965,74.38357,-74.38357,101.36647334573595,39.668578488531836,61.697894857204126,31.762165543380636,87.39856546057021,-55.63639991718958,66.2270161436306
201,2002,PIT,45.0,-45.0,55.175323,-32.319595,87.49492,-87.49492,73.91209270058638,12.237224462243208,61.67486823834317,-20.272789601922508,80.37886949932285,-100.65165910124534,66.20261722875208
202,2006,BAL,143.0,-143.0,-42.86969,-192.7604,149.89072,-149.89072,-30.683339339538506,-92.31589522842002,61.63255588888152,-167.1218139757872,-4.0318502848751425,-163.08996369091204,66.15778322949846
203,2012,NYG,85.0,-85.0,115.39967,27.633097,87.76657,-87.76657,121.77457639067843,61.30629772519889,60.468278665479545,51.08408005230254,107.41330572711529,-56.32922567481275,64.92411965777188
204,2005,NE,52.0,-52.0,110.83459,53.513645,57.320946,-57.320946,121.11498762364039,60.775021836065335,60.339965787575046,55.54637013747254,112.80503373864141,-57.25866360116887,64.78815983645747
205,2023,DET,72.0,-72.0,55.837944,-16.776709,72.61465,-72.61465,80.25276956589302,20.755788490644083,59.49698107524893,10.568447405478226,70.81071475394357,-60.24226734846535,63.894936547178986
206,2008,ATL,60.0,-60.0,77.221436,6.9972887,70.22415,-70.22415,84.47428850703142,25.499358798178378,58.97492970885303,19.258711740594247,77.76101506197557,-58.50230332138132,63.341772970371345
207,2023,GB,46.0,-46.0,72.28619,8.658279,63.627903,-63.627903,87.01192934866177,28.770015307821822,58.24191404083995,26.21122626732421,70.6579762077798,-44.446749940455575,62.56507244840266
208,2012,HOU,78.0,-78.0,57.285645,-31.416382,88.70203,-88.70203,69.53870444138664,11.734154845665078,57.80454959572157,-18.33278353481604,62.4437143350428,-80.77649786985884,62.10164280066431
209,2004,PIT,110.0,-110.0,36.8059,-66.83363,103.639534,-103.639534,44.77188310822851,-12.93211548438688,57.70399859261539,-54.165605298851,58.38505786431346,-112.55066316316446,61.99509935281587
210,2024,LAC,81.0,-81.0,24.918295,-77.488525,102.40682,-102.40682,31.369692417556347,-26.163274971005173,57.53296738856152,-58.330125554931115,33.85057913916108,-92.18070469409219,61.813875360944515
211,2014,PIT,55.0,-55.0,102.51638,48.431557,54.084824,-54.084824,120.39038771355122,63.7058433341378,56.684544379413424,65.12513673044434,100.3954211058625,-35.27028437541815,60.91488967371934
212,2010,PHI,57.0,-57.0,94.626114,26.465733,68.16038,-68.16038,105.87899586324527,49.31973371393026,56.559262149315,42.468070856644594,92.55624183147837,-50.088170974833766,60.782141114913486
213,2024,DEN,90.0,-90.0,28.533222,-83.54735,112.08057,-112.08057,32.116337325024794,-24.333991259779488,56.450328584804275,-63.57403469422478,39.165417378219395,-102.73945207244418,60.66671553793403
214,2007,SEA,101.0,-101.0,-8.208134,-125.217285,117.009155,-117.009155,9.078816201214215,-47.25717268672783,56.335988887942044,-101.18327855912189,22.98907083397343,-124.17234939309532,60.54556164435443
215,2025,SF,35.0,-35.0,105.12492,53.470463,51.654465,-51.654465,115.6623942775181,59.60785215013422,56.05454212738388,69.38864409225553,107.76240106792896,-38.37375697567342,60.24734176260967
216,2002,MIA,77.0,-77.0,49.475327,-34.870335,84.34566,-84.34566,60.76335012029292,4.7364884958687785,56.02686162442414,-29.178852855127758,66.14251682610262,-95.32136968123038,60.21801161042416
217,2020,LAR,72.0,-72.0,-59.025265,-158.34314,99.31788,-99.31788,-28.800645241932617,-84.00798504512665,55.207339803194024,-140.5627130686697,-12.414713330614429,-128.14799973805526,59.349649508370426
218,2025,GB,27.0,-27.0,128.79991,89.79657,39.003338,-39.003338,135.75103689845784,80.64858978952793,55.1024471089299,89.98228876110883,108.18385407797557,-18.20156531686673,59.23850562162858
219,2003,PHI,79.0,-79.0,45.353676,-34.55237,79.906044,-79.906044,54.738063510941004,-0.010881193638390352,54.748944704579394,-20.63474325088988,59.9974255799051,-80.63216883079498,58.86393586281229
220,2004,GB,30.0,-30.0,145.07846,114.203735,30.87473,-30.87473,157.03933134784438,102.29549898368776,54.74383236415663,120.46409531965973,139.42714258881475,-18.96304726915502,58.858518846985596
221,2010,IND,46.0,-46.0,111.2546,64.701706,46.5529,-46.5529,125.31771779799102,71.00211994648988,54.315597851501124,69.82006867777294,106.97402025803144,-37.1539515802585,58.40476323981541
222,2005,NYG,85.0,-85.0,59.84461,-29.059105,88.90372,-88.90372,67.91162423164452,13.806100207736698,54.105524023907826,-10.602616979484406,74.87423308591661,-85.47685006540101,58.182169837431594
223,2009,NYJ,112.0,-112.0,-64.67603,-192.32559,127.64955,-127.64955,-48.19084506745899,-102.21853563741706,54.02769056995807,-164.50705800795333,-14.877732176298462,-149.62932583165485,58.099697815417024
224,2001,NE,112.0,-112.0,20.498285,-96.79385,117.292145,-117.292145,28.68336660987121,-25.0486132018406,53.73197981171181,-67.65572342426542,45.214065059118035,-112.86978848338345,57.786363857762076
225,2024,CIN,38.0,-38.0,127.03822,79.06371,47.97451,-47.97451,139.259591777526,85.60260070714627,53.656991070379725,90.56708103057608,115.97078717001163,-25.403706139435563,57.70690608206093
226,2024,KC,53.0,-53.0,76.79271,17.150248,59.64246,-59.64246,85.43923607639887,34.92930649247798,50.50992958392089,29.431120380195573,77.86255753151578,-48.4314371513202,54.37229209512431
227,1999,BUF,85.0,-85.0,-21.847446,-111.52313,89.67568,-89.67568,-6.77948004961061,-57.19237855121149,50.412898501600885,-104.3920224386739,13.726862875798302,-118.11888531447221,54.26947834151189
228,2004,DEN,52.0,-52.0,61.644196,9.122812,52.521385,-52.521385,80.08972145889436,30.007171992543903,50.08254946635047,10.66534652951491,78.31710264677982,-67.65175611726491,53.919441801629546
229,2017,ATL,46.0,-46.0,48.408516,-15.970366,64.37888,-64.37888,60.43329076093557,10.37033296405507,50.062957796880504,-1.5929839799668253,55.4281843362785,-57.02116831624532,53.89868254563054
230,2021,ARI,60.0,-60.0,17.851093,-63.054184,80.90527,-80.90527,37.34726585666483,-12.3992985775324,49.74656443419723,-38.472355163098314,35.39656657707067,-73.86892174016899,53.56343338157156
231,2002,DEN,48.0,-48.0,72.47601,23.514778,48.96123,-48.96123,90.80399757065157,41.1921116192418,49.61188595140979,36.789392080570494,85.81061279017027,-49.021220709599774,53.42072859033224
232,2014,PHI,74.0,-74.0,-21.31628,-103.10923,81.792946,-81.792946,6.439331539556982,-41.977179360402694,48.416510899959675,-65.8149554779525,25.469842762701624,-91.28479824065411,52.15411388218241
233,1999,OAK,61.0,-61.0,27.81641,-39.665386,67.4818,-67.4818,50.83119564565237,2.544773477053912,48.286422168598456,-28.385864783732853,53.20737793817877,-81.59324272191162,52.016272373522185
234,2003,LAR,113.0,-113.0,-5.6571884,-114.18359,108.5264,-108.5264,13.24361398171219,-34.700720618560695,47.94433460027288,-89.72644662361527,31.885316041379603,-121.61176266499487,51.65379773011152
235,2001,CHI,121.0,-121.0,-26.925325,-151.44463,124.5193,-124.5193,-17.31795582108199,-65.16293727100292,47.84498144992093,-121.32368926647047,10.653294060888964,-131.97698332735945,51.54852352233536
236,2009,HOU,55.0,-55.0,46.962326,-13.006876,59.9692,-59.9692,66.93912301184943,19.282741753973575,47.656381257875864,-0.3833703354272999,66.64854580903757,-67.03191614446486,51.34868349981324
237,2003,NE,126.0,-126.0,-35.59108,-159.92233,124.33125,-124.33125,-20.87820705946214,-68.05596944200575,47.1777623825436,-130.99823437870464,1.1028575472835414,-132.1010919259882,50.84154081989988
238,2020,MIA,66.0,-66.0,17.467875,-65.74872,83.2166,-83.2166,34.06735672075864,-12.957864120431163,47.02522084118981,-33.82756627188953,36.90180268708818,-70.72936895897772,50.6799084019837
239,2003,MIN,63.0,-63.0,57.195118,-10.799454,67.99457,-67.99457,79.58324354959902,32.829075613709854,46.754167935889164,10.195218042700542,69.57228964515005,-59.37707160244952,50.39270180843463
240,2021,PHI,43.0,-43.0,46.226982,-4.6586113,50.885597,-50.885597,63.590244049834794,17.529500095983703,46.060743953851095,11.251695658955068,56.12097375175216,-44.8692780927971,49.657952481378004
241,2006,PHI,70.0,-70.0,35.40146,-39.023266,74.42473,-74.42473,56.825152355986766,10.807549690813872,46.01760266517289,-21.190300868261183,56.512676243752956,-77.70297711201414,49.612240141387254
242,2005,JAX,67.0,-67.0,6.474329,-77.02584,83.50017,-83.50017,15.419435097680719,-30.423181714791713,45.84261681247243,-62.47058953518936,24.343187462622254,-86.81377699781162,49.426825819346924
243,2015,GB,56.0,-56.0,22.924585,-50.43579,73.36038,-73.36038,37.72405595411582,-7.178844410774917,44.90290036489074,-32.73580118831552,40.75742185661058,-73.49322304492611,48.43110596342943
244,2022,JAX,48.0,-48.0,48.1647,-10.112064,58.27676,-58.27676,68.27705073174866,23.4991095439582,44.77794118779047,9.983327042241907,65.55636934571159,-55.573042303469684,48.29869971031121
245,2013,PHI,58.0,-58.0,98.15271,39.28279,58.869923,-58.869923,110.90745874711922,66.54445952479202,44.36299922232721,57.24472137565961,94.2053347888858,-36.9606134132262,47.85902883392242
246,2003,BAL,107.0,-107.0,-73.30032,-202.56757,129.26724,-129.26724,-61.423842926615514,-105.71802622106259,44.294183294447066,-184.03361280048475,-18.671160558625964,-165.3624522418588,47.78611174710333
247,2008,CAR,65.0,-65.0,40.031086,-28.700684,68.731766,-68.731766,54.20444094999253,10.211675152073632,43.992765797918906,-8.827828102373907,58.391082162024546,-67.21891026439846,47.466730951985404
248,2000,TB,101.0,-101.0,-10.42111,-117.92027,107.49916,-107.49916,-2.1892198193148715,-45.76008820640259,43.57086838708773,-92.40255208504698,14.353306031619413,-106.75585811666639,47.01969011301119
249,2004,NYJ,72.0,-72.0,47.089066,-39.595413,86.68448,-86.68448,50.46889035358349,6.924996619105237,43.54389373447826,-21.7867296389311,50.20883745529969,-71.9955670942308,46.9911078770837
250,2004,BUF,111.0,-111.0,-26.791988,-141.96245,115.170456,-115.170456,-18.33942834278369,-61.82287767331588,43.48344933053219,-117.87207723626001,11.169314514640153,-129.04139175090015,46.92706122413526
251,2009,PIT,44.0,-44.0,66.50684,18.641024,47.86582,-47.86582,80.22263819856451,37.02277619736109,43.199862001203414,22.265951085258855,78.71815871838942,-56.452207633130556,46.626573204130985
252,2019,GB,51.0,-51.0,43.261127,-14.425095,57.686222,-57.686222,59.40105961827401,16.474621688314215,42.92643792995979,6.317645367430783,49.43115124415983,-43.11350587672905,46.33685413246452
253,2020,ARI,43.0,-43.0,23.865631,-29.752653,53.61829,-53.61829,45.80037527896687,3.1068422377801426,42.693533041186726,-3.216604874291974,45.319933293466946,-48.53653816775891,46.09006902735286
254,2003,DEN,49.0,-49.0,22.579006,-27.86454,50.443542,-50.443542,40.17895187376632,-1.762108683526229,41.94106055729256,-22.36065197725145,44.37177790747556,-66.73242988472701,45.29275213971815
255,2011,LAC,29.0,-29.0,100.12126,72.38203,27.739237,-27.739237,119.70410481155355,77.97079366457565,41.7333111469779,84.9562662237062,107.46070589464034,-22.50443967093415,45.07262168075065
256,2021,TEN,62.0,-62.0,-6.0695353,-65.12481,59.05528,-59.05528,20.55242623131363,-21.09994399999953,41.65237023131316,-41.17636155399251,26.010376564791237,-67.18673811878375,44.98685700451142
257,2015,NYJ,73.0,-73.0,-26.004473,-103.17912,77.174644,-77.174644,-3.27891913050383,-44.33066140932411,41.051742278820285,-82.07097068507716,3.4305127353889837,-85.50148342046614,44.35043398578562
258,2009,PHI,72.0,-72.0,20.88348,-58.212696,79.096176,-79.096176,38.976783644822206,-1.8049877305098416,40.781771375332056,-35.60657616402368,43.91292384633451,-79.51950001035819,44.06437387710603
259,2018,HOU,72.0,-72.0,0.7810879,-85.42222,86.20331,-86.20331,9.407451998702493,-30.556807195419843,39.964259194122334,-59.86533391636141,14.367195416614788,-74.23252933297618,43.19814118172248
260,2011,NYG,40.0,-40.0,104.56669,59.947037,44.619656,-44.619656,115.29048103074722,76.57465955162364,38.715821479123576,75.61094681117756,101.12109284043049,-25.510146029252926,41.875301483748075
261,2000,MIA,67.0,-67.0,-39.0345,-131.3731,92.33859,-92.33859,-25.785205987430377,-64.42020160068331,38.634995613252926,-109.73918352841534,-0.5887420765336238,-109.15044145188172,41.78965871381866
262,2004,MIN,11.0,-11.0,154.7626,142.26732,12.495295,-12.495295,173.61059463516287,135.37246171744675,38.2381329177161,152.33319391397163,143.1360790240572,9.197114889914433,41.369144560814426
263,2023,LAR,26.0,-26.0,12.808907,-22.243423,35.05233,-35.05233,36.64836948656406,-0.9965175060346425,37.6448869925987,-11.61017631207848,30.22718734026707,-41.83736365234555,40.7405435092933
264,2007,PHI,36.0,-36.0,16.114487,-21.38079,37.495285,-37.495285,36.570268015601854,-0.688952503430309,37.259220519032155,-16.3581650379216,38.645261159274696,-55.0034261971963,40.331892829101285
265,2002,TEN,29.0,-29.0,43.256096,-10.206009,53.46211,-53.46211,59.313686086703285,23.321548305874163,35.99213778082911,7.54069538131389,60.054292870152736,-52.51359748883884,38.989296937791835
266,2015,MIN,62.0,-62.0,17.650833,-53.347282,70.998116,-70.998116,26.5915441544987,-8.670490122345843,35.262034276844545,-33.696218660959445,31.11865594897619,-64.81487460993563,38.215682133386515
267,2017,BAL,92.0,-92.0,-37.13265,-147.89561,110.76296,-110.76296,-27.284294213577667,-61.89472555494554,34.61043134136787,-112.15877223323768,-3.459741182195308,-108.69903105104235,37.52524622296062
268,2005,CIN,57.0,-57.0,133.20671,76.17276,57.033943,-57.033943,136.22332116518652,101.64162965839272,34.58169150679379,93.56629241869584,120.16617168238166,-26.59987926368583,37.494793607158435
269,2016,KC,76.0,-76.0,8.927897,-72.59995,81.52785,-81.52785,21.331952192555498,-12.686207979126094,34.018160171681586,-36.3503977423353,27.617532167432845,-63.96792990976815,36.8976780184647
270,2000,MIN,3.0,-3.0,123.31452,115.113205,8.201313,-8.201313,135.486088702283,101.8016828650041,33.684405837278916,119.72767377279621,122.90426863823076,-3.176594865434552,36.5440332369793
271,2025,KC,34.0,-34.0,53.037926,15.549622,37.488304,-37.488304,60.46213750164095,26.850184962163986,33.61195253947696,17.611794267699747,56.23339046716226,-38.621596199462516,36.467262007281484
272,2016,WAS,13.0,-13.0,76.20125,57.854874,18.346378,-18.346378,98.74453357414009,65.15728166549655,33.58725190864354,75.77719876090487,81.88929750020932,-6.112098739304448,36.441089315893755
273,1999,CAR,40.0,-40.0,82.88425,51.478935,31.40531,-31.40531,94.4605841217292,60.873930770448865,33.58665335128033,64.22076661826165,98.56553490277233,-34.344768284510685,36.4404550868633
274,2013,IND,35.0,-35.0,74.59069,34.59995,39.990738,-39.990738,88.2692315998664,54.79598198376715,33.47324961609926,56.54015989581761,79.24669288135755,-22.706532985539944,36.32029293460387
275,2002,NYG,40.0,-40.0,25.18097,-23.302212,48.48318,-48.48318,41.04723528954139,7.62234334251003,33.42489194703136,-11.212547623036937,45.06265436001524,-56.27520198305217,36.26905333844621
276,1999,TEN,89.0,-89.0,71.6524,-16.517578,88.169975,-88.169975,68.39086391243833,35.25771247293609,33.133151439502235,7.154463549352475,77.16617441819153,-70.01171086883906,35.959926242852895
277,2012,WAS,38.0,-38.0,103.24674,60.4251,42.821644,-42.821644,116.18093061045687,83.30096053896277,32.87997007149409,80.94686543445474,93.3318145544559,-12.38494912000118,35.691656260005594
278,2008,NYJ,49.0,-49.0,51.63609,-0.16099834,51.797085,-51.797085,68.72238198348451,36.07410120653214,32.64828077695236,17.975189807238497,73.03698057989314,-55.06179077265464,35.44615919376566
279,2023,NO,75.0,-75.0,-64.744125,-152.3044,87.56027,-87.56027,-46.49925768308569,-78.96855325311103,32.46929557002534,-120.887818698256,-28.178615351439635,-92.70920334681637,35.256507171699454
280,2019,BUF,52.0,-52.0,-57.080254,-128.40729,71.32703,-71.32703,-39.12553990644047,-71.48623533909878,32.36069543265831,-105.68887404019623,-19.899006588690302,-85.78986745150593,35.1414348928115
281,2011,DET,70.0,-70.0,29.29181,-32.621365,61.91317,-61.91317,55.71073330754595,23.599860853642724,32.11087245390321,-2.5844676971794485,49.775897388761344,-52.360365085940785,34.87672344602235
282,2012,CIN,65.0,-65.0,6.1605787,-65.18901,71.3496,-71.3496,16.329102574626095,-15.489863615078344,31.818966189704433,-43.94606243606243,31.415684471534448,-75.36174690759687,34.56742071531309
283,2005,WAS,63.0,-63.0,19.295313,-49.885685,69.181,-69.181,29.915104808208547,-1.7395515313539072,31.654656339562454,-35.441223561332514,42.99267199057583,-78.43389555190834,34.39331864364006
284,2010,NYJ,66.0,-66.0,22.445663,-54.825172,77.270836,-77.270836,27.860849682838293,-3.4778081951229955,31.338657877961282,-34.01045152109716,39.05552814240095,-73.06597966349811,34.05848791521618
285,2025,PHI,50.0,-50.0,14.420395,-45.902905,60.3233,-60.3233,25.0745793893825,-5.528291144920708,30.602870534303207,-29.827752571963387,28.373902382812208,-58.2016549547756,33.278850536623374
286,2007,NYG,42.0,-42.0,15.075735,-37.388233,52.463966,-52.463966,37.383906850949685,6.946703598482506,30.43720325246718,-21.035292032696358,53.69525665032093,-74.73054868301729,33.10331013566038
287,2001,BAL,38.0,-38.0,-96.62515,-180.3148,83.68964,-83.68964,-72.64635606194355,-102.51901760641125,29.872661544467704,-161.27055803470458,-27.149036235441073,-134.12152179926352,32.50512395982482
288,2002,CLE,21.0,-21.0,32.835434,-17.705639,50.541073,-50.541073,42.26204517154399,12.83026611290007,29.431779058643915,-1.36343034025818,48.49228806208171,-49.8557184023399,32.03796660997664
289,2016,IND,19.0,-19.0,63.67122,41.84542,21.825794,-21.825794,80.08659229078896,51.0886160590934,28.997976231695567,61.804708186657685,76.74733381327202,-14.94262562661433,31.578310838858446
290,2012,CHI,98.0,-98.0,-48.704407,-165.33904,116.634636,-116.634636,-38.61216051950354,-67.40026162079458,28.788101101291037,-125.99013068070947,-12.83798815845374,-113.15214252225574,31.35592797523522
291,2006,PIT,38.0,-38.0,-8.774839,-52.900585,44.12575,-44.12575,19.366522671952133,-9.36289819202009,28.729420863972226,-43.09620463727879,34.61330426699189,-77.70950890427068,31.293750626314
292,2000,JAX,40.0,-40.0,47.977867,0.7464285,47.231434,-47.231434,56.31908307787362,27.815517009814965,28.50356606805866,12.755558974242874,62.44622041924261,-49.690661444999726,31.054435771898003
293,2024,ARI,21.0,-21.0,85.55539,66.78885,18.766535,-18.766535,96.08140178098526,67.94326045098435,28.1381413300009,73.5347226248786,84.35225148951794,-10.81752886463934,30.66723315512574
294,2016,ARI,56.0,-56.0,-53.873104,-113.075584,59.202477,-59.202477,-21.974387962459843,-49.72704618212706,27.75265821966722,-88.76346527923167,-7.628033315280627,-81.13543196395105,30.25877676589487
295,2022,BAL,28.0,-28.0,10.020231,-38.208424,48.228657,-48.228657,23.06279553585084,-3.7305909221496014,26.79338645800044,-17.015140257849012,32.541965859089196,-49.557106116938215,29.242336176001352
296,2000,PIT,66.0,-66.0,8.454334,-72.22421,80.67854,-80.67854,6.893930139776821,-19.44301168094751,26.336941820724327,-59.84711989691984,24.427921064237044,-84.27504096115689,28.758689231614568
297,2021,LAC,15.0,-15.0,61.168327,48.080635,13.087695,-13.087695,85.02125293410431,59.43960050791472,25.581652426189592,64.71955115873746,71.72581056739688,-7.006259408659429,27.958387556532134
298,2016,NO,15.0,-15.0,69.89569,69.65019,0.24549341,-0.24549341,99.01588643789496,73.54992845292728,25.465957984967684,85.93355933534204,84.70562501746525,1.2279343178767945,27.835798181151514
299,2013,ARI,55.0,-55.0,-40.343735,-103.455055,63.111324,-63.111324,-14.4791475672842,-39.33930407757463,24.86015651029043,-79.34408638376614,9.462134455966588,-88.80622083973273,27.193893318644776
300,2006,CIN,42.0,-42.0,56.71525,13.240799,43.47445,-43.47445,64.35386078686898,40.47743719539787,23.876423591471124,32.61432215084626,63.62097152660783,-31.00664937576157,26.15153378273497
301,1999,DAL,59.0,-59.0,-31.662914,-97.34328,65.68036,-65.68036,-11.04328110664962,-34.60072892560383,23.55744781895421,-71.29978272893017,5.476965978201378,-76.77674870713155,25.81354830736198
302,2009,ATL,38.0,-38.0,4.9384456,-32.66485,37.60329,-37.60329,30.39981136789148,7.200845099321031,23.198966268570448,-4.363072508729164,31.972637495950266,-36.33571000467943,25.433702664970827
303,2007,TB,54.0,-54.0,-23.60752,-86.97133,63.363815,-63.363815,-7.838083945448912,-30.525073901664804,22.686989956215893,-66.66284145922073,6.759692488438643,-73.42253394765937,24.89121457584271
304,2008,GB,39.0,-39.0,58.622005,10.84165,47.780354,-47.780354,68.51710987945309,46.53092321703828,21.98618666241481,25.37236179768763,63.47929221648516,-38.10693041879753,24.1486461590337
305,2022,DET,26.0,-26.0,67.354904,43.963898,23.391006,-23.391006,79.82412616236564,58.496759648073215,21.32736651429243,67.43925946100089,67.46658714519059,-0.0273276841897081,23.45056291844326
306,2010,NYG,47.0,-47.0,-36.73184,-88.036514,51.304676,-51.304676,-3.8225486444581787,-24.529308119194447,20.706759474736263,-66.14667843719967,17.612201880241656,-83.75888031744132,22.792970137558648
307,2025,BAL,26.0,-26.0,58.17665,37.39865,20.778,-20.778,71.47219027548066,51.09961802736801,20.37257224811264,47.09592428608311,70.36688670015121,-23.2709624140681,22.43886666517666
308,2010,OAK,39.0,-39.0,41.639263,-2.1908817,43.830147,-43.830147,40.1090413962367,20.614238084791577,19.494803311445125,7.611999215965941,51.49534610816727,-43.883346892201324,21.50878614844562
309,2003,SF,47.0,-47.0,17.61668,-34.373367,51.990047,-51.990047,28.35072603449843,9.182037985268451,19.168688049229974,-17.394083101590603,34.62233809263124,-52.016421194221834,21.16323569783787
310,2007,MIN,54.0,-54.0,-33.250423,-91.248344,57.99792,-57.99792,-9.894187191650074,-28.743970689546337,18.849783497896265,-70.45020713626886,10.617357263234933,-81.0675643995038,20.82532568815079
311,2002,IND,-5.0,5.0,6.3471413,-26.019299,32.366444,-32.366444,25.734368079998216,7.056549772995133,18.67781830700308,-14.4592323888429,37.71745377825928,-52.176686167102176,20.643112047493933
312,2018,PHI,14.0,-14.0,25.395454,14.139077,11.256376,-11.256376,47.74106700099469,29.613345360651593,18.127721640343108,28.227424046120145,50.007201778685065,-21.779777732564924,20.06023178071032
313,2002,NO,44.0,-44.0,38.603703,-11.825626,50.429325,-50.429325,47.41219790795374,29.478244535200588,17.93395337275315,14.850813322188102,60.19144009539056,-45.34062677320246,19.85491568564508
314,2010,TB,23.0,-23.0,37.29566,8.612705,28.682953,-28.682953,52.20169656963707,35.03902160425369,17.16267496538338,20.9397856673321,49.91165761384161,-28.971871946509516,19.03767211537997
315,2014,HOU,65.0,-65.0,-64.12735,-140.71268,76.58532,-76.58532,-40.835394594537235,-57.848967877803226,17.013573283265984,-107.87121989905226,-21.246054822056692,-86.62516507699559,18.87968455879622
316,2000,GB,30.0,-30.0,48.579002,14.007603,34.5714,-34.5714,52.29936848417276,35.31882238901427,16.980546095158488,18.110083869552398,61.88528475552973,-43.77520088597734,18.844689080034104
317,2019,LAR,30.0,-30.0,-15.373943,-52.774822,37.40088,-37.40088,6.021209212167366,-10.698864125421176,16.720073337588534,-32.77003742940554,17.980754213335786,-50.750791642741326,18.568693169453383
318,2017,CAR,31.0,-31.0,-20.450611,-58.98416,38.533546,-38.533546,-2.663652413840765,-19.224528397695508,16.560875983854743,-41.423020133991756,11.919111811051675,-53.342131945043434,18.400008278888585
319,2008,ARI,30.0,-30.0,61.053963,25.009144,36.044823,-36.044823,84.11884431460967,68.43024704614568,15.688597268463997,53.80872775223422,82.78828137698277,-28.979553624748547,17.475745179052534
320,2021,SEA,29.0,-29.0,20.990486,-6.1586685,27.149153,-27.149153,33.127384921556356,17.796640526288808,15.330744395267548,16.45329864244942,30.469280364894004,-14.015981722444588,17.09656568053912
321,2011,DAL,22.0,-22.0,25.148369,-5.1131954,30.26156,-30.26156,42.17799655863756,26.89947970810482,15.278516850532743,16.71853631427053,42.51595951119653,-25.797423196925994,17.041225579328703
322,2012,NO,7.0,-7.0,99.70396,95.759094,3.944871,-3.944871,116.92649644010804,101.89095431259238,15.035542127515656,116.06723827665715,101.97037702811416,14.096861248542986,16.783770517414254
323,2001,KC,-24.0,24.0,45.431587,28.294249,17.137342,-17.137342,58.204988622174795,43.591761600797625,14.613227021377163,33.74035096257035,63.1161859754867,-29.375835012916347,16.336287090133442
324,2025,CHI,27.0,-27.0,87.31737,49.65456,37.66281,-37.66281,93.34137588977848,78.73643643801944,14.604939451759039,77.9285101056423,79.87992241051364,-1.9514123048713308,16.327505613926125
325,1999,BAL,64.0,-64.0,-59.496784,-127.34196,67.84518,-67.84518,-52.434373999776724,-66.96640758052018,14.532033580743457,-118.5110695547507,-17.052674130517506,-101.4583954242332,16.25025483942921
326,2012,PIT,22.0,-22.0,-0.47609138,-25.595673,25.119583,-25.119583,15.890229722823063,1.642829033028454,14.24740068979461,-17.859821387669147,28.303326859618018,-46.16314824728716,15.948658946440085
327,2009,ARI,25.0,-25.0,-4.7535095,-32.010994,27.25749,-27.25749,21.122177398015374,7.188976322261906,13.933201075753473,-12.782221150204538,38.27145364498725,-51.05367479519178,15.615734269823548
328,2017,DAL,22.0,-22.0,-5.6829243,-30.591179,24.908257,-24.908257,10.565391777626175,-3.2967814742570383,13.862173251883204,-6.701854548095625,18.826075125094274,-25.527929673189902,15.540473466703371
329,2002,GB,50.0,-50.0,7.4668026,-41.816467,49.28327,-49.28327,29.68120257630499,16.3678726026736,13.31332997363139,-17.839958756606464,41.05343649435305,-58.893395250959514,14.958921285352755
330,2023,TB,38.0,-38.0,-12.254446,-57.14119,44.88674,-44.88674,1.4173484183195413,-11.788748115990453,13.206096534309992,-31.396368617851216,11.05812767043662,-42.454496288287835,14.845297154344493
331,2001,MIA,37.0,-37.0,4.264084,-31.977184,36.241272,-36.241272,18.711578040840752,5.665196911471922,13.046381129368829,-16.546269331347894,40.526357558624085,-57.07262688997198,14.676063338755673
332,2003,CAR,54.0,-54.0,-41.615776,-97.28298,55.667202,-55.667202,-21.25368870555505,-34.171573418367245,12.9178847128122,-76.41913647106047,6.913270165895269,-83.33240663695574,14.53990904060654
333,2016,BUF,21.0,-21.0,12.016426,-6.3555107,18.371943,-18.371943,32.396955785552166,19.57316743173798,12.823788353814187,12.843089378274028,22.991608670944938,-10.148519292670917,14.440204908296227
334,2013,DET,19.0,-19.0,2.2021503,-12.479895,14.682041,-14.682041,30.507436804374727,17.73769843946107,12.76973836491366,1.9257720356823729,44.32775637908966,-42.401984343407285,14.382933752407794
335,2015,DEN,82.0,-82.0,-108.79924,-189.85164,81.0524,-81.0524,-88.74494730888203,-100.98594810418388,12.241000795301844,-165.6383431669895,-44.05433642372636,-121.58400674326313,13.822685500941192
336,2012,MIN,17.0,-17.0,30.678648,6.833268,23.845387,-23.845387,42.17022803124337,30.11958208348715,12.050645947756221,24.581998844242996,48.45248664162959,-23.870487797386595,13.620986252344347
337,2016,CIN,10.0,-10.0,21.314964,11.206047,10.108916,-10.108916,37.95640046917504,26.105989708072393,11.850410761102646,21.411267588873848,31.368092925426673,-9.956825336552821,13.408817835246401
338,2019,PHI,23.0,-23.0,-8.087284,-31.779331,23.692049,-23.692049,10.625247391698828,-0.21757880733248935,10.842826199031318,-16.69893004562557,18.345367801200275,-35.04429784682585,12.341185191854635
339,2003,TB,37.0,-37.0,-59.62525,-106.82785,47.2026,-47.2026,-38.388200022938,-47.04436314590505,8.656163122967051,-91.01543884871387,-12.418161074867639,-78.59727777384623,10.02420558737713
340,2011,ATL,30.0,-30.0,11.98585,-21.882118,33.867966,-33.867966,28.943342961666442,20.31862699647577,8.624715965190667,1.06813445261999,31.67666389502066,-30.608529442400663,9.990884302546268
341,2002,NE,35.0,-35.0,42.978096,5.664185,37.31391,-37.31391,46.18341503685995,37.85197823596273,8.331436800897206,29.018465954120146,54.67714868260546,-25.658682728485317,9.680126852290504
342,2021,DEN,13.0,-13.0,14.03892,1.5258646,12.513054,-12.513054,28.43240174709875,20.296304932268704,8.136096814830053,10.567484538856815,31.324269121858336,-20.756784583001522,9.473145370501761
343,2019,LAC,-8.0,8.0,4.8440967,18.492085,-13.647995,13.647995,36.20219976325551,28.079150294645792,8.123049468609707,30.22478730543292,40.431736455634066,-10.206949150201142,9.459320453706848
344,2014,BUF,54.0,-54.0,-89.062195,-156.41568,67.353485,-67.353485,-74.74522259784186,-82.68345170724767,7.938229109405816,-127.68637842041495,-42.387929079970306,-85.29844934044465,9.263485527213106
345,2022,MIA,-5.0,5.0,10.883631,2.4294825,8.454146,-8.454146,30.640705709571865,22.921737810021686,7.718967899550183,16.42604446777935,34.23448575188945,-17.808441284110103,9.03115721067934
346,2013,GB,-14.0,14.0,82.11468,95.30856,-13.193884,13.193884,100.76731069822122,93.98895942580134,6.778351272419878,110.00958907654967,94.4125957261573,15.596993350392358,8.034483528048733
347,2008,TB,38.0,-38.0,-34.292984,-77.87631,43.58333,-43.58333,-17.744613861792594,-23.24232249003818,5.4977086282455865,-58.6136817830518,4.549674901498446,-63.16335668455024,6.677519613646052
348,1999,KC,68.0,-68.0,-32.73111,-107.965485,75.234375,-75.234375,-23.323374381268437,-28.243324054653055,4.919949673384613,-82.88267947475809,-2.9532187901085756,-79.92946068464951,6.065328494963729
349,2023,PHI,-18.0,18.0,64.4304,75.59209,-11.161692,11.161692,83.33679976480909,78.5679753911719,4.7688243736371945,89.48012351660677,80.38381835558262,9.096305161024153,5.90519672108956
350,2016,TEN,3.0,-3.0,6.119562,5.765914,0.3536501,-0.3536501,25.534636555167012,21.103353817409054,4.431282737757958,18.75727910395957,28.1471716019045,-9.389892497944931,5.547538929839063
351,2000,NO,34.0,-34.0,9.447748,-27.70803,37.155777,-37.155777,23.88705582709531,19.61763967629951,4.269416150795802,-6.914766999248432,32.042346200940486,-38.95711320018891,5.376025730232323
352,2004,CAR,16.0,-16.0,46.71461,12.440398,34.27421,-34.27421,54.65917363086337,50.76735924971046,3.8918143811529067,31.399042567883697,59.445051918493526,-28.046009350609822,4.975920378633342
353,2015,BUF,20.0,-20.0,15.534447,-2.1758118,17.710262,-17.710262,23.548132873413167,19.660389524188943,3.8877433492242233,14.53211592280688,24.44293479325188,-9.910818870444995,4.971606729195902
354,2016,PHI,36.0,-36.0,-18.219168,-59.683304,41.464134,-41.464134,-6.78434962594439,-10.554046204260715,3.7696965783163203,-32.11840776134449,5.611649423497546,-37.73005718484203,4.846524834521791
355,2008,MIN,34.0,-34.0,-81.53252,-112.417946,30.885422,-30.885422,-51.2317294785539,-54.80920825259601,3.5774787740421043,-94.42701091235735,-21.282614555203033,-73.14439635715432,4.642851604294475
356,2011,MIA,16.0,-16.0,-28.534737,-53.114548,24.579813,-24.579813,-12.896270962781013,-16.427035852413688,3.5307648896326755,-37.16281864710522,3.784931232254352,-40.94774987935958,4.5933537559028625
357,2012,CAR,-6.0,6.0,44.924713,52.27652,-7.351804,7.351804,63.23433401629985,59.87655168395008,3.3577823323497586,58.25915348626373,54.89929723458758,3.3598562516761508,4.410062117816456
358,2009,SF,49.0,-49.0,-54.960217,-110.425644,55.46543,-55.46543,-46.687801669134664,-50.01502918864951,3.3272275195148424,-96.32047747232316,-19.50102288966651,-76.81945458265665,4.377686358179745
359,2007,CLE,20.0,-20.0,30.512562,13.180168,17.332394,-17.332394,39.78353736536059,36.51232478698419,3.2712125783764003,27.546889047408413,57.82688447126798,-30.279995423859567,4.318333146619884
360,2018,CAR,-6.0,6.0,49.0716,55.23261,-6.1610107,6.1610107,65.38953192413064,62.761449133392794,2.6280827907378423,69.1279029473123,58.98482117296382,10.143081774348467,3.6368753503541136
361,2018,ATL,-9.0,9.0,73.10178,85.745094,-12.643306,12.643306,90.58786081716221,88.17804856438738,2.409812252774822,100.68591048317475,76.06222054631365,24.623689936861105,3.4055967458656236
362,2013,DAL,7.0,-7.0,75.57991,64.12776,11.452146,-11.452146,83.10940660866686,81.06649667548751,2.0429099331793443,87.15390471905918,75.83468917513704,11.31921554392213,3.0168284895010924
363,2000,WAS,12.0,-12.0,-11.381778,-27.748158,16.366377,-16.366377,5.0318705338823,3.0806854348554067,1.951185099026894,-26.77528673375432,21.551470555529608,-48.32675728928393,2.919637215599935
364,2020,CLE,-5.0,5.0,85.10771,87.79571,-2.6879997,2.6879997,102.93745350509728,101.27417557451984,1.6632779305774337,114.26353483239512,84.97539522802924,29.288139604365874,2.61457191103508
365,2005,DAL,17.0,-17.0,-5.950243,-23.556755,17.606514,-17.606514,11.200711599092593,10.011688375791227,1.189023223301362,-14.287250047281116,27.525970068464034,-41.813220115745146,2.112053486448204
366,2010,KC,17.0,-17.0,10.183475,-7.2319393,17.415415,-17.415415,19.299129235399512,18.83091344640188,0.46821578899763594,4.251477538090512,23.155303973574274,-18.903826435483758,1.3482887609544778
367,2013,PIT,9.0,-9.0,7.718556,-0.32762718,8.046182,-8.046182,24.416460216154135,24.159458969672293,0.2570012464818392,12.3021915266456,33.474428601302996,-21.172237074657392,1.1244866615204063
368,2019,TB,9.0,-9.0,-40.86593,-53.11999,12.25406,-12.25406,-3.316315802457245,-3.381168369633687,0.06485256717644816,-31.64447376961203,18.853405954157836,-50.49787972376987,0.9208866758384809
369,2002,SF,-8.0,8.0,81.593,89.62343,-8.030422,8.030422,95.50195276312513,95.75491987231716,-0.25296710919203136,101.9072308006188,80.3032554170543,21.60397538356451,0.5841261954023237
370,2010,HOU,-37.0,37.0,115.94694,148.89616,-32.94922,32.94922,125.16162056857532,126.15530981832106,-0.993689249745735,155.94483907100926,104.10360235524112,51.84123671576813,-0.20074007459336052
371,2002,BUF,-18.0,18.0,42.980682,60.401394,-17.420713,17.420713,62.82224748098892,64.22329483901292,-1.4010473580240035,63.834922895643686,68.87614389606883,-5.041221000425141,-0.6323751257042465
372,2023,HOU,31.0,-31.0,-30.480076,-63.57494,33.094864,-33.094864,-21.440606237887085,-19.833196737766947,-1.6074095001201307,-41.67888761700372,-7.626239851437777,-34.052647765565936,-0.8510356407176545
373,2014,DET,35.0,-35.0,-76.39811,-109.83528,33.43717,-33.43717,-48.80573503292564,-47.1037762851547,-1.7019587477709415,-84.74059232061666,-34.875494880452976,-49.86509744016368,-0.9512196520651723
374,2001,LAC,11.0,-11.0,27.781734,10.455156,17.32658,-17.32658,33.90902039878165,35.680891527329045,-1.7718711285473994,20.351682321760535,45.018557877256676,-24.666875555496137,-1.0252985360654787
375,2025,DAL,-40.0,40.0,147.97552,193.33366,-45.358135,45.358135,154.79559750328343,157.25084609747324,-2.45524859418982,195.36426410115777,131.36880054866086,63.99546355249691,-1.7494026138198329
376,2019,SEA,10.0,-10.0,10.7185135,-3.2264004,13.944911,-13.944911,31.873888157242902,34.512110959120875,-2.638222801877971,29.979101674902786,33.16189637006916,-3.1827946951663773,-1.9432813654206196
377,2010,TEN,17.0,-17.0,19.192064,5.08733,14.104733,-14.104733,27.941859116997126,31.01574920996588,-3.073890092968756,21.508760765658877,41.99462706785539,-20.485866302196513,-2.40491271541907
378,1999,DEN,-4.0,4.0,-12.729809,-35.171295,22.441483,-22.441483,-2.737293835240587,0.3577332946802336,-3.095027129920819,-28.567187232826477,17.268565910946805,-45.835753143773275,-2.427309436730689
379,2007,HOU,-5.0,5.0,32.52927,41.132088,-8.602816,8.602816,49.86567558962823,53.35487486082249,-3.489199271194261,53.9555533734043,65.93323602758173,-11.977682654177439,-2.8449726890080367
380,2003,MIA,50.0,-50.0,-66.66731,-113.029175,46.361862,-46.361862,-49.711769771767734,-46.05143557004709,-3.660334201720639,-93.14856408639162,-15.18082161419788,-77.96774247219372,-3.026306589042135
381,2008,MIA,10.0,-10.0,49.24395,47.261448,1.9825001,-1.9825001,60.591545315534724,65.56503491743827,-4.973489601903541,56.36292363740335,55.67936846033017,0.6835551770731794,-4.417720891976044
382,2010,CHI,52.0,-52.0,-94.851555,-146.47975,51.628197,-51.628197,-72.8650524308121,-67.85886474545397,-5.0061876853581175,-115.65293500992385,-29.85373646327138,-85.79919854665248,-4.452367652740906
383,2014,MIA,15.0,-15.0,-12.169394,-23.021832,10.852438,-10.852438,7.98162558757259,13.127239217099074,-5.145613629526482,-0.6550063243384585,16.475401016861937,-17.130407341200396,-4.600102835407714
384,2016,BAL,22.0,-22.0,-49.85089,-82.01875,32.167862,-32.167862,-40.53426596306251,-34.77030297746212,-5.763962985600387,-57.77808030017857,-14.683117283829294,-43.09496301634928,-5.255303383744467
385,1999,SEA,37.0,-37.0,-48.986,-85.45234,36.46634,-36.46634,-35.839126756761765,-29.927889920788566,-5.911236835973209,-71.7568373529906,-3.157252438576053,-68.59958491441455,-5.4113541769928135
386,2018,DAL,9.0,-9.0,-24.906832,-31.364279,6.457449,-6.457449,-0.24960992208555766,5.711838691515313,-5.96144861360087,-8.412201834038772,3.4376169836749995,-11.849818817713768,-5.46455837929601
387,2016,OAK,18.0,-18.0,4.333708,-11.849325,16.183033,-16.183033,15.871501032177665,21.860382219524602,-5.988881187346941,17.82538118165883,20.766426640192,-2.9410454585331696,-5.493625826660773
388,2014,NO,-23.0,23.0,63.758827,102.058815,-38.299995,38.299995,88.65203229574003,94.82585358802731,-6.173821292287272,112.49009869670087,83.58554149320817,28.904557203492704,-5.689587635266391
389,2003,NO,14.0,-14.0,-13.415774,-21.813189,8.397414,-8.397414,4.7495714501784505,11.342718373159066,-6.593146922980616,-7.15847599541523,20.88707802420857,-28.0455540196238,-6.133903426110517
390,2022,SEA,-12.0,12.0,26.988602,34.346455,-7.35785,7.35785,39.50458766875563,46.479676724745815,-6.975089055990177,49.153535167468235,48.94748242473313,0.20605274273510332,-6.538607809680479
391,2021,BAL,-5.0,5.0,7.923355,21.720516,-13.797159,13.797159,26.351817754615467,33.6804036731857,-7.328585918570234,41.19357723491591,36.914654480471725,4.2789227544441815,-6.9131716964585745
392,2020,SF,-14.0,14.0,-14.0608225,4.6800566,-18.740883,18.740883,14.801899354003865,22.67495794247511,-7.87305858847124,9.707495862047612,25.617423449066084,-15.909927587018473,-7.4900927983718395
393,2008,HOU,-28.0,28.0,32.67402,54.19035,-21.51633,21.51633,55.75354331395029,63.97694795345523,-8.223404639504938,67.42033676212921,62.1330939044058,5.287242857723412,-7.861318097614261
394,2025,LAC,15.0,-15.0,-34.75793,-50.393272,15.635339,-15.635339,-19.692417177662968,-11.383572020954107,-8.30884515670886,-40.94543967721089,2.5615413410304217,-43.50698101824132,-7.951850533966463
395,2014,LAC,0.0,0.0,-5.9204254,1.1831656,-7.1035943,7.1035943,12.991697292512246,21.64571710788878,-8.654019815376525,14.973313037291568,18.946616827361304,-3.973303790069737,-8.317596246175103
396,2011,CAR,-23.0,23.0,69.51438,100.520096,-31.005709,31.005709,92.30138115588102,101.20444243663763,-8.903061280756615,118.71923594661766,77.17687201455394,41.54236393206372,-8.581479604462487
397,2016,DEN,36.0,-36.0,-87.62563,-127.243256,39.617622,-39.617622,-69.26699566762301,-60.05960751482639,-9.207388152796621,-106.70578189900272,-41.85718082980603,-64.84860106919669,-8.903943162442467
398,2017,DET,34.0,-34.0,-76.47391,-117.10229,40.62838,-40.62838,-52.21552219444222,-42.99320586388264,-9.222316330559574,-74.83518022336527,-27.915852909262235,-46.919327314103036,-8.91976100095055
399,2012,TB,-5.0,5.0,18.775623,16.588276,2.1873436,-2.1873436,31.703394087466407,41.34212276310757,-9.638728675641168,37.760351207465,37.560521099039455,0.19983010842554627,-9.360989885806127
400,2018,TEN,7.0,-7.0,-27.977728,-28.158104,0.18037605,-0.18037605,-14.757489632706836,-5.105225189153917,-9.65226444355292,-18.93349074465075,2.516905874030762,-21.450396618681506,-9.375332332306352
401,2012,DAL,-24.0,24.0,36.56066,64.93145,-28.370792,28.370792,55.67884563247852,65.39871073541443,-9.7198651029359,76.26218908005794,58.72973025658086,17.53245882347707,-9.446961725400376
402,2004,ATL,16.0,-16.0,-5.503098,-25.35978,19.856682,-19.856682,10.73476455060185,20.46187431561384,-9.727109765011988,-0.5797916792210849,28.80187453803884,-29.38166621725994,-9.45463814087351
403,2018,GB,-24.0,24.0,12.088858,36.00644,-23.917583,23.917583,29.67532136714651,39.73601942177382,-10.060698054627306,44.90932332143482,23.47859659346296,21.430726727971862,-9.80810698195459
404,2017,SEA,34.0,-34.0,-53.724968,-81.50174,27.776775,-27.776775,-37.41785758507515,-27.109246254642027,-10.308611330433122,-56.43602613760987,-20.34804073115022,-36.08798540645965,-10.070794915001482
405,2009,NYG,-25.0,25.0,50.941734,74.85864,-23.916904,23.916904,71.8902602265694,82.5661916879928,-10.675931461423403,90.91850546665117,68.187672215813,22.730833250838174,-10.460005882678457
406,2011,TEN,8.0,-8.0,-9.879911,-18.354683,8.474768,-8.474768,0.55359672934267,11.282940387442254,-10.729343658099584,-1.378287073263701,18.605775934791218,-19.98406300805493,-10.51660123643172
407,2024,SEA,7.0,-7.0,-13.378012,-14.45673,1.0787201,-1.0787201,1.3456434810965696,12.35231302851275,-11.006669547416182,-3.9129249954894547,18.58615655949241,-22.49908155498187,-10.810454659198921
408,2006,DEN,14.0,-14.0,-52.580944,-67.95366,15.372717,-15.372717,-31.38213574265314,-20.30729410647976,-11.074841636173382,-52.962339955760406,-5.875882414569416,-47.086457541190995,-10.882689536612848
409,1999,GB,16.0,-16.0,9.710558,0.9743438,8.736214,-8.736214,22.738632915040075,33.88448527556739,-11.145852360527321,15.310807083558664,39.278443144652954,-23.96763606109429,-10.957932221152703
410,2023,JAX,6.0,-6.0,-42.421303,-53.740013,11.318708,-11.318708,-22.49465657980898,-11.309923205176737,-11.184733374632241,-36.732509678812114,0.8112398146640993,-37.54374949347621,-10.99913039094329
411,2005,ATL,10.0,-10.0,-0.6832533,-4.2148857,3.5316353,-3.5316353,14.122742517784946,25.714455720130424,-11.591713202345478,8.614470990057546,26.65870946289572,-18.044238472838178,-11.430364617453648
412,2006,NYJ,0.0,0.0,6.9657784,1.897028,5.0687504,-5.0687504,16.246666215412315,27.847190579379046,-11.60052436396673,14.341642359965128,33.4618235040181,-19.120181144052964,-11.439700889690405
413,2021,MIN,-1.0,1.0,-7.3172317,-17.897694,10.580463,-10.580463,6.7899714838239635,18.500656618632014,-11.710685134808042,5.1050310888366575,10.356476534937494,-5.25144544610084,-11.556426809676323
414,2020,ATL,-18.0,18.0,35.2702,44.691902,-9.421703,9.421703,49.57415648287119,61.46510904728403,-11.890952564412842,68.14622915721733,45.37898635747205,22.767242799745276,-11.74743746985433
415,2024,PIT,19.0,-19.0,13.748587,-16.558863,30.30745,-30.30745,9.507142481131659,21.674385423755144,-12.167242942623481,5.949200494029448,24.1971599207912,-18.247959426761753,-12.040193669121953
416,2016,MIN,20.0,-20.0,-72.08241,-103.22324,31.140837,-31.140837,-59.22607821147123,-46.786832024428996,-12.439246187042233,-80.63988405477238,-38.39941856933954,-42.240465485432836,-12.328407238266903
417,2019,ATL,-18.0,18.0,-12.499883,5.5349846,-18.034866,18.034866,11.354322119699493,24.511989159985173,-13.15766704028568,23.59307565850201,19.241753372447484,4.351322286054529,-13.089643151845513
418,2020,OAK,-44.0,44.0,64.340034,117.03958,-52.699554,52.699554,89.8089712838081,102.98712751620852,-13.178156232400417,134.07619568939572,82.33088817087429,51.745307518521436,-13.111353419312739
419,2000,NYJ,0.0,0.0,-61.822144,-74.29257,12.470427,-12.470427,-38.667018689984566,-25.461160963613892,-13.205857726370674,-62.325538837672084,-1.421702631340663,-60.90383620633142,-13.140705813490522
420,2001,TB,22.0,-22.0,-18.269623,-46.13228,27.862654,-27.862654,-10.358855438713805,3.3208643720171533,-13.679719810730957,-28.686604824036195,8.14306132126032,-36.829666145296514,-13.642808216378357
421,2022,GB,-1.0,1.0,-7.228573,-2.1013598,-5.127216,5.127216,12.011155049387312,25.81708396218464,-13.805928912797327,18.47902984724903,19.118911287596504,-0.6398814403474749,-13.77653888507997
422,2014,CIN,5.0,-5.0,-32.127377,-34.942924,2.815548,-2.815548,-10.839427294743711,3.3909560243176804,-14.23038331906139,-11.105780311947234,10.050813233161715,-21.156593545108947,-14.226289106368995
423,2000,CAR,0.0,0.0,-32.76194,-42.258286,9.496349,-9.496349,-13.73839369982096,0.7480238026103194,-14.48641750243128,-16.479098497731968,14.516320529631823,-30.99541902736379,-14.497581921165512
424,2008,BUF,-6.0,6.0,-2.0527153,-0.74295163,-1.3097649,1.3097649,8.391116855384821,22.999165812924748,-14.608048957539934,12.084770451289685,31.846798056656652,-19.76202760536697,-14.626462133135302
425,2021,NO,29.0,-29.0,-120.9092,-153.64311,32.733902,-32.733902,-97.28148526128767,-82.64026609304774,-14.641219168239942,-125.20196287446129,-64.81820291695878,-60.383759957502505,-14.661609158074539
426,2016,LAC,-13.0,13.0,-26.614868,-18.30727,-8.307596,8.307596,6.637960155212651,22.256764458979745,-15.618804303767092,3.456900975454108,18.88584754773472,-15.428946572280614,-15.69745452696127
427,2011,NYJ,14.0,-14.0,-60.142277,-69.1797,9.037424,-9.037424,-37.634308924266016,-21.457432335024883,-16.176876589241132,-55.159407363267974,-3.3548254449904693,-51.804581918277506,-16.28878572810581
428,2009,CIN,4.0,-4.0,-56.538605,-59.787636,3.249031,-3.249031,-32.95469157738397,-16.188546044734583,-16.76614553264938,-41.80409388584279,-11.76487085739308,-30.03922302844971,-16.9131727854326
429,2002,SEA,-14.0,14.0,65.42028,82.41295,-16.992676,16.992676,76.06929580239361,92.8386471870122,-16.769351384618602,97.4531750439431,76.0376727227387,21.4155023212044,-16.916569693584098
430,2015,ATL,-6.0,6.0,-21.82208,-12.237744,-9.584338,9.584338,4.254227391497252,21.174971613836426,-16.920744222339177,11.57736124323901,18.7539571361983,-7.176595892959288,-17.076984949643528
431,2008,DAL,-3.0,3.0,-16.469997,0.79830503,-17.268303,17.268303,5.8210648561024705,24.1183491890691,-18.29728433296663,7.364076820652335,28.716921211564546,-21.352844390912217,-18.53556144273984
432,2022,LAC,6.0,-6.0,-22.96279,-23.852625,0.88983774,-0.88983774,-4.908268845810737,13.776695265706092,-18.684964111516823,2.0502227849809813,3.022504481852774,-0.9722816968717909,-18.946345412982705
433,2019,IND,-12.0,12.0,-35.395386,-19.04314,-16.352245,16.352245,-9.295550435114036,9.43916809434511,-18.73471852945915,-1.1775621312544793,-0.2891830475663859,-0.8883790836880898,-18.999064998760186
434,2007,CIN,-5.0,5.0,24.358978,24.66038,-0.30140114,0.30140114,41.91174008221187,61.348841155086845,-19.437101072874977,48.15158329730788,50.38697971328388,-2.235396415975993,-19.743306782256454
435,2024,LAR,-7.0,7.0,23.239786,35.123657,-11.883868,11.883868,33.75488571753959,53.26587442481726,-19.510988707277672,50.378935731995846,35.60049752305188,14.778438208943967,-19.82159782938122
436,2015,WAS,-8.0,8.0,7.97991,18.32315,-10.343241,10.343241,24.816826271536844,44.48277106601091,-19.665944794474072,39.509239734243266,31.680707444191647,7.828532290051621,-19.985788690586006
437,2007,WAS,3.0,-3.0,-60.9755,-66.9757,6.0002003,-6.0002003,-39.06967007715649,-19.323738059864745,-19.745932017291747,-47.74033244310516,-6.627212783467439,-41.11311965963772,-20.070542837631336
438,2008,CHI,25.0,-25.0,-50.01761,-72.2355,22.217888,-22.217888,-42.918183249357156,-23.023008919130188,-19.895174330226975,-55.2561578194574,-7.6805238878349185,-47.57563393162248,-20.228679406077152
439,2006,KC,1.0,-1.0,-13.218334,-14.640549,1.4222126,-1.4222126,1.255520368292352,21.29365828711626,-20.038137918823907,3.1729552323655574,19.306234137387186,-16.13327890502162,-20.38016306288184
440,2022,NE,17.0,-17.0,-95.810425,-125.83183,30.021406,-30.021406,-76.32882596714845,-56.07990301493023,-20.248922952218223,-99.10804130434431,-48.68951776309976,-50.41852354124455,-20.603510056138237
441,2003,NYJ,-16.0,16.0,10.854128,22.511646,-11.6575165,11.6575165,17.844273530254103,38.78793853144822,-20.943665001194116,34.30448891775353,29.002023729146984,5.302465188606544,-21.339656001743784
442,2007,NO,-9.0,9.0,-7.5908985,18.99591,-26.586807,26.586807,18.518550843180304,39.54242519245989,-21.02387434927958,29.73375123810691,29.159977884785953,0.5737733533209566,-21.424645511850184
443,2000,SF,-34.0,34.0,91.36099,138.24858,-46.88759,46.88759,103.85149958867086,125.06322218384429,-21.211722595173434,144.1412785774915,87.56195212207652,56.57932645541497,-21.623688775184704
444,2022,OAK,-23.0,23.0,-1.5431881,21.915142,-23.458332,23.458332,13.551131998594117,35.54833430888149,-21.997202310287378,43.47227157213037,24.570970061628664,18.901301510501707,-22.455979995341714
445,2011,CIN,0.0,0.0,-58.27249,-61.574932,3.3024406,-3.3024406,-41.83796372142883,-19.637032640963536,-22.200931080465292,-41.14998829848494,-17.53159457928836,-23.618393719196582,-22.671850199816525
446,2025,MIN,11.0,-11.0,-90.50892,-100.21823,9.709311,-9.709311,-72.16357340091488,-49.92917898805962,-22.234394412855266,-84.97656296830792,-31.309657618331396,-53.666905349976524,-22.707307815346837
447,2016,DET,-32.0,32.0,33.285862,75.712326,-42.426468,42.426468,45.4150744605052,67.69560510702665,-22.28053064652144,89.05619922014898,42.28170714506874,46.774492075080246,-22.756193587280364
448,2013,CHI,-33.0,33.0,77.89374,113.12404,-35.230305,35.230305,99.46544027203326,121.99658499138687,-22.5311447193536,133.70323812638355,90.54494853284261,43.158289593540935,-23.021743274245527
449,2022,CLE,-20.0,20.0,-7.326314,12.428179,-19.754486,19.754486,7.843739268416151,30.688181244241058,-22.844441975824907,29.002665461118593,13.46107128562877,15.541594175489816,-23.35371181632624
450,2019,HOU,-24.0,24.0,29.459085,55.33669,-25.87761,25.87761,48.86488960137423,71.86906319769315,-23.004173596318918,81.15073704479737,47.7878543343493,33.36288271044807,-23.522962813851148
451,2001,NYJ,-1.0,1.0,0.19403458,-6.650221,6.8442554,-6.8442554,11.562146483981218,34.590375113447465,-23.02822862946625,16.749966049144728,23.23549162985295,-6.485525580708224,-23.548451432467104
452,2005,TB,19.0,-19.0,-70.95007,-83.0428,12.09273,-12.09273,-53.94827802629401,-30.546753803078055,-23.40152422321596,-69.59810473325571,-17.612309735671808,-51.98579499758391,-23.94399397700769
453,2013,TEN,-19.0,19.0,14.516606,40.768055,-26.25145,26.25145,29.73142533171345,53.139006685536316,-23.40758135382286,48.91186855828728,36.14088374677701,12.770984811510267,-23.95041208880162
454,2022,ATL,-21.0,21.0,-2.971013,26.669651,-29.640665,29.640665,12.348703597389651,35.99878929236067,-23.65008569497102,42.745718278356534,18.562620384554894,24.183097893801637,-24.207368735935777
455,2022,NO,-15.0,15.0,-74.0555,-53.16838,-20.887114,20.887114,-49.003668731269606,-25.339174549284706,-23.664494181984892,-44.32466984704146,-25.328412355558015,-18.99625749148344,-24.22263591216789
456,2009,DEN,2.0,-2.0,-38.78459,-41.697212,2.9126225,-2.9126225,-20.490636859937936,3.377504538549072,-23.868141398487012,-23.750156362341365,-0.9676221663600404,-22.78253419598133,-24.438419702688236
457,2023,MIN,-18.0,18.0,-66.41225,-45.830917,-20.581327,20.581327,-33.36863809971693,-9.376347368076539,-23.992290731640388,-26.96769214635257,-11.189703775941117,-15.777988370411451,-24.56996784834202
458,2005,CHI,50.0,-50.0,-130.8664,-178.16559,47.299187,-47.299187,-120.37229688716776,-96.30890531556088,-24.06339157160689,-158.35395014721576,-73.64324945350316,-84.71070069371258,-24.6453060190309
459,2024,MIA,-19.0,19.0,-20.58368,-3.3957262,-17.187958,17.187958,-8.483591911300527,15.695129932452069,-24.178721843752594,2.280503465903048,11.208723488100722,-8.928220022197674,-24.767509522289114
460,2005,MIA,1.0,-1.0,10.546525,9.596153,0.9503708,-0.9503708,11.108864204691681,35.46609190921394,-24.35722770452226,19.19571521393952,31.127757881773277,-11.932042667833754,-24.95665363105023
461,2006,LAR,-14.0,14.0,27.624123,41.873913,-14.249792,14.249792,41.61050362721963,66.02423248143184,-24.413728854212216,60.75356568885196,40.46814853782905,20.285417151022905,-25.01652202728107
462,2001,DEN,1.0,-1.0,3.6326942,0.6016185,3.0310745,-3.0310745,10.191643061001937,34.65914826999577,-24.467505208993828,14.252160690338387,29.409143201585902,-15.156982511247516,-25.073503241532148
463,2004,TB,-3.0,3.0,-62.270737,-59.910965,-2.359768,2.359768,-37.84237784635237,-13.285616084686659,-24.55676176166571,-48.53746460156197,-4.370151386353882,-44.16731321520809,-25.168079134073835
464,2004,SEA,-9.0,9.0,46.20942,59.499546,-13.290132,13.290132,58.55892958070076,83.7473295751816,-25.188399994480832,73.97997627593836,60.835083254442495,13.144893021495866,-25.83736052399649
465,2020,CHI,-10.0,10.0,-36.889732,-19.819427,-17.070309,17.070309,-20.794283235786168,4.608407181635717,-25.402690417421883,-0.6828048681374206,-2.8124496296704997,2.129644761533079,-26.064421814244703
466,2024,HOU,11.0,-11.0,-28.414019,-44.74239,16.328371,-16.328371,-21.21401989331515,4.678644601767135,-25.89266449508229,-31.126047863139696,0.782083401945362,-31.90813126508506,-26.583596421932857
467,2012,LAC,0.0,0.0,-17.516628,-22.239191,4.7225685,-4.7225685,-8.032607744074918,18.12440958404859,-26.157017328123505,0.4062036917162901,13.381995687036667,-12.975791995320378,-26.86370364523896
468,2009,CAR,7.0,-7.0,-61.10854,-69.26077,8.152238,-8.152238,-40.54933467528147,-14.365416645056966,-26.183918030224515,-48.64945682840182,-12.533256491820879,-36.11620033658094,-26.892207523498225
469,2004,BAL,49.0,-49.0,-98.677376,-146.1466,47.46923,-47.46923,-88.90480827960269,-62.62276268634533,-26.282045593257358,-119.4002073148183,-49.566473418968656,-69.83373389584965,-26.99618310376613
470,2024,SF,-47.0,47.0,31.746765,85.7202,-53.973442,53.973442,56.68739639011063,83.20180180235323,-26.514405412242596,89.32782395942473,55.114428580582334,34.21339537884239,-27.242390655072057
471,2015,NYG,-22.0,22.0,44.0832,66.89014,-22.80694,22.80694,59.244271884555616,85.98517583937738,-26.74090395482176,91.78905041173877,60.3394839276581,31.449566484080655,-27.48238762092579
472,2020,NE,-27.0,27.0,11.48693,40.400806,-28.913872,28.913872,26.0086628770012,53.495242383579566,-27.486579506578373,64.04632212105311,33.99718226371725,30.04913985733586,-28.272502505971207
473,2012,IND,-45.0,45.0,20.903732,70.111664,-49.207935,49.207935,44.67325683243847,72.28703472073016,-27.61377788829169,85.74309776008808,50.20810566868967,35.53499209139841,-28.407281411500062
474,2007,ARI,5.0,-5.0,-71.43489,-73.04047,1.6055775,-1.6055775,-38.954626031789246,-11.312068181322102,-27.642557850467142,-44.42562803137653,-9.311913751272195,-35.11371428010434,-28.437776546351003
475,2009,MIA,-30.0,30.0,38.130795,75.08878,-36.95799,36.95799,50.189719354335416,78.10324806536823,-27.91352871103281,82.07072744948597,60.891781319162035,21.178946130323933,-28.724896205621235
476,2002,MIN,-52.0,52.0,40.46781,98.8525,-58.38469,58.38469,68.71833705359089,97.17813269499685,-28.459795641405965,110.08572691217988,66.38404695777193,43.70167995440794,-29.30371849888153
477,2024,ATL,-34.0,34.0,16.097034,61.290733,-45.1937,45.1937,38.765951452665284,67.26764504068697,-28.50169358802168,70.06552770598736,41.515123521914205,28.550404184073145,-29.34811339850769
478,2008,DEN,-78.0,78.0,103.64917,188.02953,-84.380356,84.380356,124.38269897016892,153.16320003946421,-28.78050106929529,187.1364522934188,107.25864835422264,79.87780393919618,-29.64353671029169
479,2018,MIN,19.0,-19.0,-120.73042,-125.696625,4.966202,-4.966202,-93.77298918216532,-64.93531598384868,-28.837673198316644,-103.61557398382516,-60.380270527148795,-43.23530345667637,-29.704116073585947
480,2016,TB,-15.0,15.0,-40.024055,-25.730762,-14.293289,14.293289,-14.799589419738133,14.686361456208786,-29.485950875946916,1.525154081951042,-0.6133136390473375,2.138467720998375,-30.391028553862007
481,2006,NYG,-10.0,10.0,-29.932013,-25.401293,-4.5307198,4.5307198,-14.4501813766172,15.067147860063516,-29.517329236680716,-6.356119999371505,4.815988929500076,-11.17210892887158,-30.424276941616835
482,2003,DAL,10.0,-10.0,-86.636765,-90.23728,3.6005154,-3.6005154,-70.93151779590507,-41.30264215722403,-29.628875638681052,-81.71613641157123,-32.01405231949862,-49.7020840920726,-30.542471070935015
483,2022,NYG,-30.0,30.0,43.482227,85.177925,-41.695694,41.695694,50.23777969753526,79.90893877303589,-29.67115907550062,93.18008547612274,45.52369532124737,47.65639015487538,-30.587274434466668
484,2014,ARI,0.0,0.0,-109.716995,-118.942,9.224999,-9.224999,-83.02403056341524,-53.008025058117966,-30.016005505297272,-88.78036771550416,-55.279217400130975,-33.50115031537318,-30.952672356653125
485,2003,CIN,-38.0,38.0,50.702976,92.5444,-41.84143,41.84143,60.37527730615629,90.56588520132924,-30.190607895172953,100.65308859370194,59.83599553885406,40.81709305484788,-31.137680362990857
486,2012,MIA,-29.0,29.0,-28.6238,3.553893,-32.17769,32.17769,-12.924385676349118,17.792513798879302,-30.716899475228416,13.285485081667144,7.912261518537591,5.373223563129546,-31.695336853533306
487,1999,PIT,-3.0,3.0,-24.102201,-23.975134,-0.1270647,0.1270647,-19.209526036897962,11.547482339241427,-30.757008376139385,-10.818676730320284,11.043543148766654,-21.862219879086936,-31.737836087359483
488,2020,MIN,-45.0,45.0,40.85598,105.72284,-64.86686,64.86686,68.01873575048789,98.82043298086705,-30.80169723037917,113.82287695906675,54.33505788484827,59.48781907421848,-31.785188221739233
489,2014,NYG,-20.0,20.0,-39.807,-15.793776,-24.013226,24.013226,-13.126344138798329,17.785113781220772,-30.91145792001911,6.032203327260229,2.7806729815226827,3.251530345737546,-31.90149021725601
490,2004,CIN,2.0,-2.0,-41.461845,-42.667862,1.2060108,-1.2060108,-25.13017484572391,6.930179122929406,-32.06035396865332,-24.1319225148541,8.071238407842095,-32.2031609226962,-33.11885595662793
491,2000,KC,-31.0,31.0,34.073185,71.607544,-37.53435,37.53435,45.70767094774385,78.04746702531335,-32.33979607756951,78.52919368330025,50.867546370890956,27.6616473124093,-33.4149517173687
492,2007,TEN,-7.0,7.0,-65.64795,-65.621216,-0.026732445,0.026732445,-50.3515984518345,-17.129970645194316,-33.22162780664018,-48.686284364595586,-18.002522559092455,-30.68376180550314,-34.3493371529683
493,2022,MIN,-10.0,10.0,-12.338268,24.619728,-36.957993,36.957993,9.862611226239405,43.112949164340264,-33.250337938100856,41.260890339138754,18.0979593674668,23.16293097167195,-34.37975829546822
494,2020,WAS,-2.0,2.0,-64.18748,-48.867134,-15.320345,15.320345,-43.49128497505719,-10.02287175559832,-33.46841321945887,-37.32989182593606,-18.479380282553244,-18.85051154338282,-34.61083000682516
495,2023,CIN,-18.0,18.0,-7.244323,11.975094,-19.219418,19.219418,4.993997006173093,38.66573867227795,-33.67174166610485,33.9412656027886,14.264515149781579,19.676750453007024,-34.826276030058324
496,2023,CLE,3.0,-3.0,-173.43823,-185.15637,11.718143,-11.718143,-142.35879719002742,-108.68567610333741,-33.67312108668999,-160.97056150509778,-78.41296820193841,-82.5575933031594,-34.82773765869089
497,2014,MIN,-18.0,18.0,-53.359127,-33.74672,-19.612411,19.612411,-35.035204129425466,-1.122775037468891,-33.912429091956575,-10.749686619089891,-15.509951864590015,4.760265245500122,-35.08130748088264
498,1999,NYJ,-1.0,1.0,-2.5255985,-9.110225,6.584626,-6.584626,-2.9205620411147155,31.67359152063597,-34.59415356175069,9.446202412868887,16.057258409121033,-6.611055996252149,-35.803660050730386
499,2010,DET,-7.0,7.0,-36.06184,-25.451786,-10.610057,10.610057,-22.077182941190813,12.542804631144383,-34.61998757233519,-7.0758207064646985,0.5841009046900751,-7.659921611154778,-35.83103366684956
500,2001,SEA,-23.0,23.0,7.8639884,33.92295,-26.058964,26.058964,14.485934774121404,49.20938969491236,-34.723454920790964,41.47242402783832,24.333416244281008,17.139007783557307,-35.94066726277275
501,2004,JAX,-19.0,19.0,-34.523033,-15.712858,-18.810179,18.810179,-19.9578676783548,14.9956629361407,-34.9535306144955,1.6494530171300816,0.08160626855770925,1.5678467485723697,-36.18445456390508
502,2006,SEA,-8.0,8.0,-68.54174,-57.671726,-10.870016,10.870016,-45.91018057952411,-10.921265191156355,-34.98891538836776,-36.33747278701514,-9.484160179682167,-26.85331260733298,-36.221948131281096
503,2021,CLE,-22.0,22.0,-32.64527,4.472089,-37.117363,37.117363,-11.314617975899136,23.809225638000843,-35.12384361389997,18.035691261773096,-1.3814917610039803,19.417183022777074,-36.36491754895159
504,2023,SEA,-38.0,38.0,21.166382,59.166687,-38.0003,38.0003,28.028199896315655,63.656629114991276,-35.62842921867562,71.86323807598791,28.979169619044992,42.88406845694291,-36.89957447336557
505,2022,CAR,-27.0,27.0,-45.743145,-22.054665,-23.688486,23.688486,-32.822507920055976,3.637969903784615,-36.460477823840584,-4.408702395342342,-10.059831422741448,5.651129027399097,-37.78120990646167
506,2008,WAS,-31.0,31.0,-60.153152,-33.964252,-26.1889,26.1889,-43.87833039244428,-6.925888577502955,-36.95244181494133,-24.89117486648268,-24.632712672721752,-0.2584621937609288,-38.302493018613276
507,2011,CHI,12.0,-12.0,-83.2392,-88.75142,5.5122185,-5.5122185,-70.47826083465102,-33.09864355158939,-37.37961728306162,-67.47338124902367,-27.604337245218396,-39.869044003805286,-38.7551264663547
508,2001,TEN,-52.0,52.0,24.797598,68.63693,-43.839336,43.839336,31.926526612618176,69.58173356042123,-37.655206947803045,76.79707214655468,43.51349944777173,33.283572698782955,-39.047140192383296
509,2018,TB,-68.0,68.0,20.214916,99.03628,-78.82136,78.82136,53.99435485444494,91.80536366659541,-37.81100881215046,110.1592193578781,56.447390857901155,53.711828499976946,-39.212227235734424
510,2025,TB,-31.0,31.0,-2.6808615,27.156267,-29.837132,29.837132,8.15863724226762,46.0320965728112,-37.873459330543575,38.79978935852481,15.226158444104124,23.573630914420686,-39.27839955966936
511,2008,SF,-42.0,42.0,-30.945114,16.8386,-47.78371,47.78371,-8.470039415027948,29.813783377209003,-38.28382279223695,24.589314832281218,21.97503525548085,2.614279576800368,-39.71321907145152
512,2006,BUF,-11.0,11.0,-62.012547,-55.647663,-6.3648853,6.3648853,-49.819904657976885,-11.02131796089233,-38.79858669708456,-37.32157974730562,-16.901883361983604,-20.419696385322016,-40.258660882633436
513,2023,CHI,-19.0,19.0,-84.93585,-75.09248,-9.843365,9.843365,-62.68920505047996,-23.744379999444746,-38.94482505103522,-50.17717634100984,-34.31657778404091,-15.860598556968924,-40.413614467941095
514,2016,NYG,1.0,-1.0,-103.11653,-93.16446,-9.952074,9.952074,-83.47570345875002,-44.144442748417156,-39.33126071033287,-77.80380925478185,-46.99596847474376,-30.8078407800381,-40.82308017431184
515,2004,HOU,-30.0,30.0,-28.069134,-10.325862,-17.74327,17.74327,-11.365335372249906,28.09592785532241,-39.46126322757232,9.127527924298793,6.655536214190617,2.471991710108176,-40.96083033082735
516,2010,JAX,-66.0,66.0,57.274624,127.40451,-70.12989,70.12989,69.38093939234341,108.94309118843255,-39.56215179608915,132.59895542659729,74.93698959054025,57.661965836057036,-41.067731461658695
517,2015,HOU,-4.0,4.0,-117.094955,-110.174835,-6.9201202,6.9201202,-93.0212381647255,-53.10610885556911,-39.91512930915638,-91.65059936569409,-58.09970679300335,-33.55089257269074,-41.44174504773341
518,2013,MIA,-18.0,18.0,-26.220348,0.7996254,-27.019974,27.019974,-15.94516111927987,24.587906393583022,-40.533067512862885,16.77377626054526,3.0654803194753555,13.7082959410699,-42.096509940637
519,2025,PIT,-14.0,14.0,21.262297,38.733746,-17.471447,17.471447,27.026918040907464,67.58595953639859,-40.55904149549112,60.901331056363546,33.790764191769455,27.110566864594087,-42.124031870583785
520,2014,CAR,-38.0,38.0,-64.99578,-33.583603,-31.412174,31.412174,-33.90503841545074,6.831898882707611,-40.73693729815835,-8.758674838035471,-12.645549010151221,3.8868741721157543,-42.312529564176344
521,2022,PIT,-38.0,38.0,-24.46814,15.952986,-40.421127,40.421127,-6.41099817653593,34.53255325433659,-40.94355143087253,27.97806689994371,1.559347970273679,26.418718929670028,-42.53145708745863
522,2001,NYG,-27.0,27.0,-38.478443,-9.421148,-29.057293,29.057293,-23.638978790325417,17.846524137587693,-41.48550292791311,-4.288109283404111,-1.771028819368528,-2.5170804640355833,-43.10570676451412
523,2002,LAC,-34.0,34.0,11.946534,48.29175,-36.345222,36.345222,22.896342853499085,64.474672030193,-41.57832917669391,64.34014959824495,29.316580638301453,35.02356895994349,-43.20406509302826
524,1999,TB,31.0,-31.0,-155.30646,-181.04053,25.734074,-25.734074,-139.79771868819992,-98.18417739473247,-41.613541293467435,-164.72509245632972,-77.91516115007776,-86.80993130625195,-43.24137571362079
525,2020,HOU,-80.0,80.0,61.91282,151.79791,-89.8851,89.8851,78.95822389484682,120.87707643224965,-41.91885253740283,162.21119959416836,64.85100943071832,97.36019016345006,-43.56488230819374
526,2002,WAS,-58.0,58.0,-93.72183,-56.140423,-37.58141,37.58141,-62.00325268673012,-20.079661606343294,-41.92359108038683,-51.66769238887781,-29.944167119990983,-21.723525268886828,-43.56990324972289
527,2018,DET,-36.0,36.0,-65.85622,-23.71118,-42.145035,42.145035,-43.804522095933805,-1.669385084741151,-42.135137011192654,-2.5607620563493114,-24.87195195049037,22.31118989414106,-43.79405648688712
528,2022,WAS,-22.0,22.0,-79.63083,-53.88045,-25.75038,25.75038,-64.83966609261708,-22.37921519580469,-42.4604508968124,-45.217979527533885,-36.09208957888872,-9.125889948645156,-44.138757802002814
529,2025,NYG,-58.0,58.0,37.632286,96.74516,-59.112873,59.112873,50.27067851972128,92.78298977449833,-42.51231125477706,109.2062091008142,46.59305527042035,62.613153830393856,-44.19370883355418
530,2012,DET,-65.0,65.0,-26.374565,50.07521,-76.449776,76.449776,8.640676859269938,51.50223754340977,-42.86156068413983,58.58164737125453,24.353583305152497,34.22806406610204,-44.563772156782484
531,2023,OAK,1.0,-1.0,-100.60094,-93.48471,-7.1162176,7.1162176,-81.74504798538288,-38.74095642389021,-43.00409156149266,-68.3555448913091,-47.220112823742156,-21.13543206756694,-44.714797314452944
532,2011,ARI,-36.0,36.0,-112.09946,-79.08484,-33.014614,33.014614,-82.25209609668553,-39.04694465986942,-43.20515143681611,-57.649388247803344,-45.967791022895604,-11.681597224907748,-44.92783956842547
533,2014,ATL,-36.0,36.0,11.869537,54.307972,-42.43843,42.43843,28.458145262346598,71.72760271030602,-43.26945744795941,77.89001695962611,36.90597703158188,40.98403992804423,-44.99597796518868
534,2023,IND,-19.0,19.0,-53.620415,-23.844425,-29.77599,29.77599,-35.74708155573811,8.229760298109698,-43.976841853847816,-7.098503405944905,-18.308864336576036,11.210360930631133,-45.74551970250967
535,2011,SEA,6.0,-6.0,-85.56571,-85.866394,0.3006878,-0.3006878,-71.70561119246767,-26.444740837098543,-45.26087035536913,-58.57776041429599,-38.34459667700631,-20.23316373728968,-47.10607125805496
536,2019,DEN,-34.0,34.0,-63.947914,-28.682724,-35.265186,35.265186,-48.81662884616995,-3.3740772561643197,-45.44255159000563,-13.84492842562272,-27.188118275439713,13.343189849816993,-47.298579980490025
537,2018,DEN,-20.0,20.0,-57.15397,-30.517214,-26.636753,26.636753,-36.87654979883726,8.819656695555334,-45.69620649439259,-6.134244893481688,-20.068230081110883,13.93398518762919,-47.567351720623904
538,2018,NYG,-43.0,43.0,15.634184,66.63706,-51.002884,51.002884,27.743225442250697,73.4761295706051,-45.7329041283544,80.54955287512756,31.78792558908261,48.76162728604494,-47.60623638939287
539,1999,NE,15.0,-15.0,-87.54182,-78.860435,-8.681381,8.681381,-71.82062890230773,-25.8173674115179,-46.00326149078984,-62.422342052062945,-30.6059952914424,-31.816346760620544,-47.892705988454615
540,2020,LAC,-42.0,42.0,-38.39216,15.96493,-54.357094,54.357094,-11.61139722765946,34.815247112267876,-46.426644339927336,32.99055337984047,-13.35155323958756,46.34210661942802,-48.34132079202224
541,2016,CAR,-33.0,33.0,-70.865265,-36.95781,-33.90746,33.90746,-43.39844918874127,3.662769027358028,-47.06121821609929,-11.735301743568636,-18.012330124463038,6.277028380894405,-49.0137127781123
542,2013,LAR,-16.0,16.0,-49.473125,-35.830574,-13.642555,13.642555,-34.69818000569604,12.876710995406377,-47.574891001102415,-4.045291648141194,-9.320579419057225,5.275287770916031,-49.55799844299377
543,2009,TEN,-48.0,48.0,26.498842,81.361465,-54.86263,54.86263,40.122737946141456,87.69813688221456,-47.57539893607309,89.11028651420456,46.915582067044575,42.19470444715998,-49.55853664889313
544,2010,DAL,-42.0,42.0,-4.8724594,42.864395,-47.736855,47.736855,14.574804834248386,62.27900858726405,-47.70420375301566,57.20287617889558,30.023410864681434,27.179465314214152,-49.69501772687957
545,2019,CHI,-18.0,18.0,-105.71704,-86.2332,-19.483839,19.483839,-87.0587395060637,-39.25244698354081,-47.80629252252289,-64.14991598736883,-56.822039665202524,-7.327876322166302,-49.80319058596502
546,2017,TB,-47.0,47.0,-25.779192,25.70673,-51.48592,51.48592,-0.6752526111701975,47.446883767578115,-48.12213637874831,46.09757629917928,9.911070790152603,36.18650550902668,-50.13785749514015
547,2003,JAX,-55.0,55.0,-52.693542,-5.0753927,-47.61815,47.61815,-30.091692469935836,20.376538011316086,-50.46823048125192,2.856146811228409,-6.939439256258303,9.795586067486713,-52.62376958886321
548,2014,SF,-34.0,34.0,-62.776566,-28.780567,-33.996002,33.996002,-41.47191083969594,9.022848210885908,-50.49475905058184,-10.679593968945602,-20.416851511575338,9.737257542629738,-52.65187915670026
549,2020,CAR,-52.0,52.0,17.625204,77.36206,-59.736855,59.736855,33.18605775221408,83.8952502779698,-50.7091925257557,97.78968146257259,34.695916224293946,63.09376523827865,-52.879092024532326
550,2001,ARI,-48.0,48.0,-11.680184,38.620693,-50.300877,50.300877,2.452709140057613,53.36389176005369,-50.911182619996076,50.207540312565406,17.952531601606005,32.25500871095941,-53.0931199348146
551,2015,CHI,-62.0,62.0,-15.672027,48.560104,-64.23213,64.23213,-0.6000894768277991,51.58257916392749,-52.18266864075528,54.69440414216276,13.975728365879787,40.71867577628297,-54.440381527021025
552,2005,GB,-46.0,46.0,-77.816025,-23.810474,-54.005554,54.005554,-45.05579348040425,7.2239857525063496,-52.279779232910606,-14.238553599605417,-9.394033051036988,-4.844520548568439,-54.54327952894256
553,2015,DET,-42.0,42.0,-20.089653,40.296722,-60.386375,60.386375,-2.892934718693345,49.43255465619474,-52.325489374888086,53.145222777608126,13.408375189368034,39.73684758824009,-54.59171381579677
554,2015,OAK,-40.0,40.0,-34.14278,13.185057,-47.32784,47.32784,-19.17335268614096,33.17062700082171,-52.34397968696267,28.599210426207268,4.580978589038694,24.018231837168575,-54.61130607782661
555,2015,NO,-68.0,68.0,39.63891,122.44629,-82.80737,82.80737,63.32294065705577,116.4903203012562,-53.16737964420044,146.30658097356462,53.043527952208464,93.26305302135616,-55.483777437557706
556,1999,DET,-15.0,15.0,-65.43747,-57.764194,-7.6732764,7.6732764,-59.50060888826414,-6.2965195461632355,-53.2040893421009,-33.73833259083691,-27.01581849285924,-6.722514097977676,-55.522674889228675
557,2016,MIA,-35.0,35.0,-49.875305,-3.769844,-46.105457,46.105457,-26.047085669439483,27.19778280418818,-53.24486847362766,24.95785766008128,-7.572047113861926,32.5299047739432,-55.56588429678215
558,2017,TEN,-42.0,42.0,-57.860275,-8.790285,-49.06999,49.06999,-40.325739151051344,13.734604923096565,-54.06034407414791,1.833379525353056,-9.233098114452456,11.06647763980552,-56.429959039268425
559,2001,CIN,-83.0,83.0,-115.12181,-90.0413,-25.08051,25.08051,-93.53110698166267,-38.809898004139804,-54.72120897752286,-79.10814173522898,-54.17169179482176,-24.936449940407222,-57.13020889449109
560,2001,CLE,-34.0,34.0,-73.6874,-67.96548,-5.7219276,5.7219276,-62.111157741832486,-7.179945255033821,-54.93121248679867,-51.240845225307304,-23.759048131409564,-27.481797093897736,-57.35272778786196
561,2006,CAR,-35.0,35.0,-60.14369,-17.221037,-42.922657,42.922657,-47.53307721193731,7.514045430709448,-55.047122642646755,-11.688754029957135,-18.123301497954863,6.434547467997728,-57.475545733612975
562,2001,IND,-73.0,73.0,34.556816,118.06415,-83.507324,83.507324,56.67916186635512,111.80514182896437,-55.12597996260924,120.35784811248038,68.32700652480155,52.030841587678836,-57.559102640032094
563,2018,CLE,-33.0,33.0,-68.90261,-24.988693,-43.913925,43.913925,-41.828579697292774,13.409287740049006,-55.23786743734178,2.9560718203742375,-24.906306846998536,27.862378667372774,-57.67765816867731
564,2013,BAL,-32.0,32.0,-60.79133,-29.40619,-31.385138,31.385138,-55.397433757218316,-0.08087098284417493,-55.31656277437415,-18.01328453994892,-17.81442515144503,-0.1988593885038874,-57.76104343862007
565,2022,NYJ,-20.0,20.0,-123.64941,-86.50944,-37.139965,37.139965,-102.58086998198547,-47.24307475076487,-55.337795231220596,-70.79570008065402,-65.32337545831162,-5.4723246223424,-57.783541266476895
566,2025,ATL,-48.0,48.0,-23.425987,32.206326,-55.632317,55.632317,-9.395433094764313,46.39391711950197,-55.789350214266285,40.23697190191801,3.3893148352382685,36.847657066679744,-58.2620071524515
567,2019,CLE,-58.0,58.0,-54.284367,5.3338604,-59.618225,59.618225,-30.198439895399723,26.264038032697744,-56.46247792809747,25.562243825978847,-8.554419850322109,34.116663676300945,-58.9752506334557
568,2003,BUF,-36.0,36.0,-108.53754,-74.141495,-34.39605,34.39605,-89.30376642780895,-32.334305511981306,-56.96946091582764,-63.6903382520286,-45.166197274141524,-18.524140977887072,-59.51244781542949
569,2021,OAK,-72.0,72.0,-15.946556,66.28695,-82.233505,82.233505,5.4644184077077895,62.9970343973492,-57.532615989641414,78.24318179982568,18.650095909183598,59.59308589064209,-60.10916471912965
570,2002,LAR,-53.0,53.0,-86.323296,-24.030167,-62.293133,62.293133,-49.280239068970204,8.361880440237776,-57.64211950920799,-7.086664043026213,-10.735295987093531,3.6486319440673185,-60.225194218247054
571,2024,NYJ,-66.0,66.0,-5.733102,68.02603,-73.759125,73.759125,8.90285459759463,66.58803346096627,-57.68517886337164,75.92537368089347,18.79889521844468,57.126478462448794,-60.27081974074809
572,2017,WAS,-46.0,46.0,-111.92363,-58.55957,-53.36406,53.36406,-78.14552130689823,-20.181497173884985,-57.96402413301324,-42.449319556159786,-49.57370344926192,7.124383893102134,-60.566283092938356
573,2018,SF,-93.0,93.0,-40.716934,55.673485,-96.39042,96.39042,-9.858275581316473,48.195704080724084,-58.053979662040554,62.54676200527943,13.641325542365008,48.90543646291442,-60.661599618080125
574,2021,MIA,-32.0,32.0,-85.18418,-47.28375,-37.900436,37.900436,-63.11938379392976,-5.039602851360033,-58.07978094256972,-26.039067269250076,-37.40445771980129,11.36539045055121,-60.68893855356125
575,2010,SF,-41.0,41.0,-60.87207,-20.390442,-40.481632,40.481632,-46.63694550362621,11.459752647442109,-58.09669815106832,-9.279967729103447,-21.76040865407497,12.480440924971528,-60.70686396122236
576,2006,WAS,-69.0,69.0,7.4875875,87.37913,-79.89154,79.89154,14.789625928308517,73.30066848682627,-58.511042558517744,91.6942712356952,25.67876017141437,66.01551106428082,-61.145901667487365
577,2002,BAL,-38.0,38.0,-60.075558,-15.056835,-45.01872,45.01872,-38.033608939292485,20.65955899879483,-58.69316793808731,-1.562516918143885,-10.02962800194799,8.467111083804106,-61.33888100414857
578,2004,WAS,-25.0,25.0,-125.06205,-102.71598,-22.346067,22.346067,-108.43019468245132,-49.02592080829915,-59.40427387415217,-93.22757306771366,-62.35680990372667,-30.870763163986993,-62.09236606022344
579,2008,JAX,-65.0,65.0,-17.219376,55.40835,-72.62772,72.62772,2.0530949822678313,61.9553958152531,-59.90230083298527,67.68474881292195,15.180123508100257,52.5046253048217,-62.62007346916418
580,2011,OAK,-74.0,74.0,25.522614,99.10751,-73.5849,73.5849,40.5625198206243,100.70069614085452,-60.138176320230215,113.75022630811608,51.26212235614034,62.48810395197573,-62.87000620874581
581,2025,CIN,-78.0,78.0,45.4404,134.9077,-89.4673,89.4673,62.60840444094387,123.64515553023953,-61.03675108929566,147.1492787794561,72.88154130535938,74.2677374740967,-63.822132503744136
582,2004,LAR,-96.0,96.0,1.9951286,107.36391,-105.368774,105.368774,33.71121873475819,95.83900898863354,-62.12779025387536,104.62822507729055,45.065014868099325,59.563210209191226,-64.97819331607893
583,2006,MIA,-23.0,23.0,-113.93306,-93.13777,-20.795296,20.795296,-100.47024391617099,-38.2022892158475,-62.267954700323486,-73.43989156504448,-58.639476601559835,-14.800414963484638,-65.12671101285996
584,2017,SF,-52.0,52.0,-48.100433,12.954,-61.054436,61.054436,-30.819257229224696,31.81092638509978,-62.63018361432447,29.32199338965991,-7.949508762333615,37.27150215199353,-65.51052734701736
585,2005,BAL,-34.0,34.0,-110.30879,-76.87016,-33.43863,33.43863,-90.58084260467731,-27.832072149763622,-62.74877045491369,-65.22812749819508,-44.63440095477545,-20.593726543419617,-65.63618149740397
586,2004,NYG,-44.0,44.0,-22.937979,24.0261,-46.964073,46.964073,-14.03534689675924,49.115162600660746,-63.15050949741998,39.395563099964825,6.220871880521409,33.17469121944342,-66.06186260849896
587,2000,NE,-62.0,62.0,-39.258884,7.884843,-47.143726,47.143726,-33.09639721847638,31.652218580190464,-64.74861579866685,25.26672853872857,-4.133005859213984,29.399734397942552,-67.75520976669057
588,2007,CHI,-14.0,14.0,-98.904686,-84.011604,-14.893086,14.893086,-90.53234272960407,-25.750603654905234,-64.78173907469883,-53.036155858964946,-41.816430780521515,-11.219725078443435,-67.79030705983996
589,2015,TB,-75.0,75.0,-37.24864,43.737076,-80.98572,80.98572,-6.349841563304928,58.68734055089568,-65.0371821142006,61.96222346628675,5.858967050479829,56.103256415806925,-68.0609735009163
590,2014,LAR,-30.0,30.0,-131.87816,-94.53005,-37.3481,37.3481,-103.70715068533644,-38.662788395026794,-65.04436229030965,-66.42694779532435,-59.25048238596462,-7.1764654093597375,-68.06858158731211
591,2009,WAS,-70.0,70.0,-58.43576,14.848971,-73.28473,73.28473,-42.20849535089488,23.164708618081317,-65.37320396897621,13.68413960586672,-16.641255431846865,30.325395037713584,-68.41702093808028
592,2005,MIN,-38.0,38.0,-76.55153,-39.374817,-37.17672,37.17672,-57.88898123001187,7.660721193238454,-65.54970242325032,-20.345181109891065,-25.131526852797656,4.78634574290659,-68.60403800680537
593,2006,ATL,-36.0,36.0,-75.15132,-32.84844,-42.302883,42.302883,-59.52746076824855,6.057245350809435,-65.58470611905798,-9.625040749797083,-36.60523473417211,26.980193984375024,-68.6411277853613
594,2003,PIT,-27.0,27.0,-94.77914,-58.977898,-35.80124,35.80124,-79.0871602558058,-12.946819924085283,-66.14034033172051,-39.58440135270753,-38.683995213266385,-0.9004061394411469,-69.22987561413342
595,2024,IND,-50.0,50.0,-49.23475,12.404234,-61.638985,61.638985,-26.521298692755174,40.27168723762398,-66.79298593037916,29.38767656484634,-0.6865384498221396,30.074215014668475,-69.92141632637055
596,2010,MIA,-60.0,60.0,-77.44501,-9.421126,-68.02389,68.02389,-59.008948815246384,8.286471393609261,-67.29542020885566,-6.85236748367155,-27.45881856572087,20.606451082049325,-70.45379371389004
597,2014,CLE,-38.0,38.0,-106.807785,-65.202354,-41.60543,41.60543,-84.25503691342888,-16.95728650438833,-67.29775040904055,-43.9758854440655,-56.05385911980589,12.077973675740395,-70.45626278485109
598,2015,JAX,-72.0,72.0,-60.70679,11.322017,-72.02881,72.02881,-35.91081182625014,31.797128275885086,-67.70794010213524,30.133961543936138,-8.158982137899828,38.292943681835965,-70.89089817210879
599,2013,BUF,-49.0,49.0,-91.65379,-46.519173,-45.13462,45.13462,-66.99433814592331,1.0578596274794432,-68.05219777340274,-31.117424992334517,-35.03181755720985,3.9143925648753317,-71.25567224807085
600,2011,BUF,-62.0,62.0,-17.740522,50.723892,-68.46442,68.46442,6.701414683550608,74.75989196134032,-68.0584772777897,76.56215772375178,20.048636394813286,56.513521328938495,-71.26232598624848
601,2015,PHI,-53.0,53.0,-59.131966,1.9426475,-61.07461,61.07461,-32.76506714756776,35.76771311014172,-68.53278025770949,27.87727639688378,-6.657399813133509,34.53467621001729,-71.764895560339
602,2010,CIN,-73.0,73.0,-30.362503,45.78952,-76.15202,76.15202,-9.536486473355664,59.19429454069126,-68.73078101404693,55.65526435570196,15.171588963609857,40.4836753920921,-71.97469638385255
603,2000,DET,0.0,0.0,-137.5404,-131.27034,-6.270074,6.270074,-119.04438881904304,-49.95034048322291,-69.09404833582013,-97.1490436283874,-68.1543881141141,-28.9946555142733,-72.3596130108057
604,2023,LAC,-52.0,52.0,-80.08428,-22.162346,-57.921932,57.921932,-64.22884603262597,5.2048230801243385,-69.43366911275031,-3.1018279843451175,-35.57551760478167,32.47368962043656,-72.71947385174529
605,2012,LAR,-49.0,49.0,-69.41715,-9.360497,-60.056656,60.056656,-47.83218058141985,21.80133202929907,-69.63351261071892,6.66753319037459,-23.879823571617916,30.547356761992507,-72.93122723705152
606,2004,NO,-57.0,57.0,3.113047,70.55338,-67.44034,67.44034,13.565609307783875,83.26596372497481,-69.70035441719094,89.09476606114515,34.718387097992384,54.37637896315276,-73.00205255258244
607,2019,PIT,-14.0,14.0,-166.57108,-157.43396,-9.137113,9.137113,-140.03723594493198,-70.25139116258426,-69.78584478234774,-120.10503263291321,-86.91619908151122,-33.188833551401984,-73.09263780762967
608,2004,ARI,-38.0,38.0,-106.89514,-66.59341,-40.30174,40.30174,-87.92701776589146,-18.076899077531795,-69.85011868835967,-50.623698610196584,-47.28990301990737,-3.333795590289206,-73.16074218592182
609,2013,MIN,-89.0,89.0,15.261221,111.47323,-96.212006,96.212006,30.789578039381567,100.78243024891802,-69.99285220953645,117.81460705143822,47.31273208133935,70.50187497009885,-73.311982064192
610,2005,LAR,-66.0,66.0,-31.359222,45.36017,-76.71939,76.71939,-9.042486438017152,61.32146697177446,-70.36395340979162,60.788759304198166,13.045809721237184,47.74294958296098,-73.70519943800706
611,2023,ATL,-52.0,52.0,-123.02435,-61.994324,-61.03003,61.03003,-94.33434802137339,-23.806480671698235,-70.52786734967516,-49.498724253288344,-53.308907296100436,3.810183042812092,-73.8788820047257
612,2009,CHI,-48.0,48.0,-59.69847,-1.9978981,-57.700573,57.700573,-44.05510092086985,26.987343424286962,-71.0424443451568,17.842734193080695,-5.598014953902027,23.440749146982718,-74.42412576747775
613,2015,BAL,-73.0,73.0,-60.462425,19.568514,-80.03094,80.03094,-44.33874941549928,27.33506262612986,-71.67381204162915,29.551850404888135,-9.771181539612025,39.32303194450016,-75.09312049815449
614,2023,PIT,-34.0,34.0,-109.515076,-73.359276,-36.155804,36.155804,-93.3881190485871,-21.713779839813647,-71.67433920877346,-49.10751420625823,-60.41163414488803,11.304119938629801,-75.09367908238949
615,2015,LAC,-78.0,78.0,-34.091927,53.68466,-87.77659,87.77659,-13.477423218577798,58.61734698837453,-72.09477020695232,63.10472721788756,2.4699735454296823,60.634753672457876,-75.53916611627851
616,2000,DAL,-67.0,67.0,-40.8685,38.97125,-79.83975,79.83975,-21.346166943669967,50.99638376634507,-72.34255071001505,48.86000460639405,9.573231740385044,39.286772866009,-75.80171336384846
617,2017,GB,-64.0,64.0,-48.685127,28.987045,-77.67217,77.67217,-27.779248846409686,44.63713771424879,-72.41638656065847,48.46741658319258,-9.085853845738134,57.553270428930716,-75.87994954110535
618,2025,WAS,-95.0,95.0,32.201633,150.69945,-118.49781,118.49781,47.61301122951581,120.60540110397925,-72.99238987446344,157.09863106486458,53.24433713920328,103.8542939256613,-76.49028038942227
619,2004,DET,-54.0,54.0,-60.495857,-1.7124308,-58.78343,58.78343,-52.046753195068504,21.266837663932797,-73.31359085900131,13.1243765772411,-24.00432115734447,37.12869773458557,-76.83062369071028
620,2023,DEN,-56.0,56.0,-61.110428,6.4723806,-67.58281,67.58281,-42.62585497064194,31.265470750559896,-73.89132572120184,27.167857885727873,-20.910366971330827,48.0782248570587,-77.44278928090425
621,2010,LAR,-39.0,39.0,-113.86207,-68.912865,-44.949203,44.949203,-97.0881405228657,-23.060706273726066,-74.02743424913965,-51.15939622426637,-57.828017269108905,6.668621044842534,-77.58700934236657
622,1999,NYG,-59.0,59.0,-64.001335,-1.5746822,-62.426655,62.426655,-49.22138931562364,25.14854879688633,-74.36993811250997,5.969531020602425,-12.792451249075228,18.76198226967766,-77.94992509037112
623,2001,WAS,-47.0,47.0,-88.114296,-39.904545,-48.209747,48.209747,-76.18119612305202,-1.5608564577323527,-74.62033966531966,-27.853706021419697,-39.19760595414471,11.343899932725016,-78.21524959195543
624,2009,JAX,-90.0,90.0,-0.5732215,93.99105,-94.56427,94.56427,18.59856284602531,93.47397647774683,-74.87541363172151,104.77204824615467,27.795588307743262,76.9764599384114,-78.48552496462509
625,2012,BUF,-91.0,91.0,-21.35853,79.4153,-100.77383,100.77383,3.629714444742143,78.52800274176874,-74.8982882970266,91.6976652620706,21.60458064227309,70.09308461979752,-78.50976287011281
626,2003,CLE,-68.0,68.0,-70.78035,2.67658,-73.45693,73.45693,-53.85883745944952,21.252694521672787,-75.1115319811223,7.408318372606745,-17.301498635635177,24.70981700824193,-78.7357150399929
627,2017,OAK,-72.0,72.0,-40.86171,49.815758,-90.67747,90.67747,-25.46855147272233,49.966586700698116,-75.43513817342044,58.7974699858354,-4.038672369904879,62.83614235574028,-79.07860688997417
628,2025,MIA,-77.0,77.0,8.94762,92.75835,-83.81073,83.81073,15.51281888874578,90.96690553906015,-75.45408665031437,105.69727945137792,30.017287431518305,75.67999201985961,-79.09868462164656
629,2019,ARI,-81.0,81.0,-29.075457,62.775806,-91.851265,91.851265,-9.95517942560451,65.74947191737651,-75.70465134298102,82.08727087914541,-1.4835819877823422,83.57085286692775,-79.36418198558236
630,2016,JAX,-82.0,82.0,-76.51014,9.934043,-86.44418,86.44418,-56.87406487334948,19.043401916903672,-75.91746679025316,8.999895026304127,-27.25362919492876,36.25352422123289,-79.58968039740664
631,1999,LAC,-47.0,47.0,-95.81909,-51.310467,-44.508625,44.508625,-84.54297844855041,-8.263926717198403,-76.27905173135201,-36.61910795452881,-36.13040779712382,-0.4887001574049812,-79.97281438040697
632,2007,DEN,-89.0,89.0,-15.129374,78.32209,-93.45147,93.45147,7.7690537391065995,84.33031080764994,-76.56125706854334,90.0679847602448,20.696007549894823,69.37197721034998,-80.27183804697195
633,2012,CLE,-66.0,66.0,-71.91535,-10.018114,-61.897236,61.897236,-56.29671409042734,20.807444818562075,-77.10415890898942,10.095279488312833,-25.812289471071658,35.907568959384484,-80.84709470416622
634,2005,ARI,-76.0,76.0,-50.06076,16.724232,-66.78499,66.78499,-34.46476426034555,43.435288227811064,-77.90005248815662,20.270502117688242,2.723732593663512,17.546769524024732,-81.69042041376026
635,2024,NO,-60.0,60.0,-68.75179,9.284207,-78.036,78.036,-53.50821262263878,24.436683244488314,-77.94489586712709,22.671685192386665,-28.4426838047886,51.114368997175255,-81.73793628193756
636,2015,MIA,-79.0,79.0,-58.1314,26.461948,-84.59335,84.59335,-41.20860877719132,37.89533683230913,-79.10394560950046,42.29675044115006,-20.083247379082096,62.379997820232155,-82.96606083530386
637,2022,TB,-62.0,62.0,-87.62395,-9.033812,-78.59013,78.59013,-64.05728620066733,15.07396828990055,-79.13125449056788,4.271935259233988,-38.52660397833501,42.798539237569,-82.9949972183923
638,2023,TEN,-62.0,62.0,-41.95196,46.90005,-88.85201,88.85201,-31.31479985262472,47.88575377194344,-79.20055362456816,52.040475722603475,-13.019380917788602,65.05985664039207,-83.06842630851787
639,2022,TEN,-61.0,61.0,-86.99861,-13.208637,-73.78998,73.78998,-69.45350354370255,10.301144024431096,-79.75464756813365,0.4733197109234366,-38.832571035877486,39.30589074680093,-83.65554207420614
640,2025,CAR,-72.0,72.0,-18.374622,72.19715,-90.57178,90.57178,-5.170236750906625,75.64794052587287,-80.81817727677951,81.96716247032431,14.416475548653754,67.55068692167056,-84.78245397511206
641,2003,CHI,-63.0,63.0,-74.885506,-4.7461395,-70.139366,70.139366,-64.57026438047554,16.312881320343784,-80.88314570081931,3.2043833315832773,-26.60621464478679,29.81059797637007,-84.85129426197793
642,2019,DET,-82.0,82.0,-54.751186,32.64028,-87.391464,87.391464,-36.133324893315,44.82906000745002,-80.96238490076502,55.482995196590885,-16.031645467219043,71.51464066380994,-84.93525580692695
643,2013,ATL,-90.0,90.0,13.130871,119.29516,-106.16429,106.16429,28.266218480795246,109.34873986241479,-81.08252138161954,127.26774482461603,35.160319510902916,92.10742531371312,-85.06255195005048
644,2020,DAL,-78.0,78.0,-38.97565,53.320156,-92.29581,92.29581,-14.436869427675953,67.77219275242801,-82.20906218010398,78.05562192930466,5.6762905878793255,72.37933134142533,-86.2562301541926
645,2010,CLE,-61.0,61.0,-56.401962,14.028379,-70.43034,70.43034,-40.34050809212464,42.027964288832976,-82.36847238095761,34.42023845266339,-8.774533076199129,43.19477152886252,-86.42514057672933
646,2011,WAS,-79.0,79.0,-82.24468,7.7347317,-89.97941,89.97941,-57.76672417308683,27.22760932739775,-84.99433350048457,22.282699238627426,-26.07037804458248,48.353077283209906,-89.20749270254701
647,2016,HOU,-54.0,54.0,-177.3929,-118.9332,-58.459698,58.459698,-145.3335983402902,-59.96935025733697,-85.36424808295322,-96.4248026152775,-97.99418152888158,1.569378913604078,-89.59945274081744
648,2010,MIN,-67.0,67.0,-100.58771,-32.911976,-67.675735,67.675735,-79.45783587343001,6.095384862655133,-85.55322073608515,-19.328196204113304,-30.83192145357395,11.503725249460643,-89.79968742164388
649,2020,NYG,-77.0,77.0,-61.869167,20.937744,-82.80691,82.80691,-45.102050035599106,40.76748972555768,-85.86953976115679,38.34139627093077,-19.88828388744219,58.22968015837296,-90.13485781786163
650,2005,OAK,-93.0,93.0,-5.353217,97.616,-102.969215,102.969215,2.59087895851133,88.60194413884685,-86.01106518033552,97.59298725067117,22.672310669257485,74.92067658141369,-90.28481759600105
651,2017,CIN,-59.0,59.0,-123.16353,-46.790916,-76.37261,76.37261,-99.43522688123144,-13.383934401879749,-86.0512924793517,-31.201571295152526,-63.92904961354888,32.72747831839636,-90.32744228399434
652,2021,PIT,-76.0,76.0,-95.54829,-21.356998,-74.19129,74.19129,-75.86498309273023,11.3189430108693,-87.18392610359952,1.727407796223508,-47.03206097760652,48.75946877383004,-91.52757642237795
653,2018,CIN,-87.0,87.0,-11.0664,89.88418,-100.95058,100.95058,3.043200291447439,90.25234040139263,-87.2091401099452,107.2551195508265,11.217064970096363,96.03805458073015,-91.55429308444153
654,2004,DAL,-112.0,112.0,-24.262575,85.17421,-109.43678,109.43678,-7.102092049725808,81.27817310134476,-88.38026515107057,91.76590204546333,20.0441459551976,71.72175609026574,-92.79521257692424
655,2019,OAK,-106.0,106.0,-13.629065,111.659134,-125.2882,125.2882,11.8921603039486,100.30904220179333,-88.41688189784473,124.88786749327477,14.019339438218635,110.86852805505613,-92.83401153794696
656,1999,MIA,-62.0,62.0,-124.21545,-63.652508,-60.56294,60.56294,-104.52391463369912,-15.993726590626226,-88.53018804307288,-52.017237060828755,-42.094919540604664,-9.922317520224091,-92.95407028427569
657,2001,ATL,-86.0,86.0,-33.393883,57.95881,-91.35269,91.35269,-20.323035530452536,68.75128528110947,-89.07432081156202,73.74669843103895,6.013948142697664,67.7327502883413,-93.53063122798834
658,2015,DAL,-99.0,99.0,-72.58054,42.093628,-114.674164,114.674164,-46.964673843853,42.48148062719754,-89.44615447105055,47.84944734444852,-10.56421034171084,58.41365768615937,-93.92462471272938
659,2001,MIN,-100.0,100.0,-46.672676,66.75405,-113.42673,113.42673,-22.054875761733083,67.70295843607569,-89.75783419780878,73.12730455199704,5.970362053787904,67.15694249820913,-94.25487932668103
660,2005,CLE,-69.0,69.0,-93.77292,-14.024033,-79.748886,79.748886,-80.52419695204458,9.817840767281403,-90.34203771932599,-6.0267421990751355,-36.897607491592304,30.870865292517173,-94.87389908287302
661,2000,SEA,-85.0,85.0,0.792923,94.00171,-93.20879,93.20879,10.265201779353472,100.94782496782476,-90.68262318847128,110.5418412122053,33.95272132651239,76.58911988569291,-95.23478210789368
662,2006,ARI,-75.0,75.0,-84.207085,-8.870169,-75.336914,75.336914,-57.26490274390607,33.48391161525102,-90.7488143591571,11.748273327168743,-29.008810694875866,40.7570840220446,-95.30491801230175
663,2002,CAR,-44.0,44.0,-156.86227,-105.70561,-51.15666,51.15666,-141.0014046970679,-49.7270103807351,-91.2743943163328,-91.05910064473721,-82.78965679620757,-8.269443848529642,-95.86182047003663
664,2001,NO,-76.0,76.0,-35.997772,53.300667,-89.29845,89.29845,-24.292724925602723,67.38249445042379,-91.6752193760265,61.15676767819013,5.441991946204881,55.71477573198525,-96.28653312853422
665,2018,JAX,-71.0,71.0,-146.85547,-70.82444,-76.03103,76.03103,-126.15457087263562,-34.356756621603054,-91.79781425103256,-56.56060482445456,-78.19431603533347,21.633711210878918,-96.41643417644224
666,2015,IND,-75.0,75.0,-97.28494,-17.585377,-79.69956,79.69956,-72.70397315102034,19.22595661408288,-91.92992976510321,6.14077689923083,-35.032593679739115,41.173370578969944,-96.55642325609858
667,2005,PHI,-78.0,78.0,-103.42827,-26.801636,-76.626625,76.626625,-84.16397103715897,8.079517572669515,-92.2434886098285,-13.288750706812644,-36.66680574780405,23.3780550409914,-96.88866897606549
668,2017,CHI,-56.0,56.0,-133.10576,-61.702877,-71.402885,71.402885,-112.05847379206007,-19.71480533382053,-92.34366845823953,-43.534970659236826,-73.17427316361228,29.639302504375454,-96.99481914985714
669,2004,TEN,-95.0,95.0,2.2575774,103.77964,-101.52206,101.52206,14.586046855542108,107.05666769921288,-92.47062084367077,115.44890861643526,33.198894768403335,82.25001384803194,-97.12933739869197
670,2017,NYJ,-84.0,84.0,-100.548485,-8.420206,-92.12828,92.12828,-79.06389988188334,13.905976785026137,-92.96987666690949,9.245949241814198,-51.10966445857134,60.35561370038554,-97.65834690752895
671,2017,BUF,-64.0,64.0,-93.77077,-20.977077,-72.79369,72.79369,-81.66312037171559,11.406878453268488,-93.06999882498408,-2.1352501721509434,-50.250152868685824,48.11490269653488,-97.76443595286678
672,2006,GB,-65.0,65.0,-114.91112,-48.440292,-66.47082,66.47082,-86.58387078313791,6.7851447631514805,-93.36901554628939,-26.624870113068955,-47.3202157673104,20.69534565424144,-98.08127289599068
673,2010,WAS,-75.0,75.0,-104.6526,-21.998196,-82.6544,82.6544,-78.54964042524917,15.586077374659954,-94.13571779990912,6.14861667540044,-43.43261194781822,49.581228623218664,-98.89366759172096
674,2017,HOU,-98.0,98.0,-81.595184,28.843964,-110.43915,110.43915,-54.11715278944612,41.723709250390094,-95.84086203983621,40.85706486571409,-25.969880704452702,66.82694557016679,-100.70043172920953
675,2003,WAS,-85.0,85.0,-43.96724,47.162014,-91.12926,91.12926,-34.48447192128687,61.49843138127703,-95.9829033025639,63.75382726199392,-6.239732661136995,69.99355992313092,-100.85093809314678
676,2004,MIA,-79.0,79.0,-142.77605,-63.489315,-79.28673,79.28673,-120.15747468783282,-24.07545699179908,-96.08201769603374,-49.69408148866763,-54.00134411183531,4.307262623167687,-100.9559593150687
677,2017,ARI,-66.0,66.0,-177.48544,-110.66876,-66.81667,66.81667,-149.43857325451435,-52.55459972713417,-96.88397352738019,-90.33432398484409,-97.51616892427101,7.181844939426929,-101.80570856325461
678,2009,BUF,-68.0,68.0,-105.53291,-36.589256,-68.94365,68.94365,-93.77446252200295,3.701649876747565,-97.4761123987505,-23.225755372431806,-49.49287886705868,26.267123494626865,-102.43313658497469
679,2006,MIN,-45.0,45.0,-173.07635,-115.97978,-57.096565,57.096565,-144.61298380890162,-47.1263133198554,-97.48667048904622,-96.48437486897785,-86.85696531190182,-9.627409557076046,-102.4443238959716
680,2006,TEN,-76.0,76.0,-52.23452,34.856724,-87.09124,87.09124,-41.457505280991434,56.46180514144241,-97.91931042243385,56.36014642366852,-10.980107154540748,67.34025357820926,-102.90274746964162
681,2013,NYJ,-97.0,97.0,-97.18557,9.193028,-106.3786,106.3786,-76.01556835227306,21.960583877344042,-97.9761522296171,16.047516046224814,-33.47395640916723,49.52147245539204,-102.96297682521399
682,2018,WAS,-78.0,78.0,-76.29857,10.230045,-86.52862,86.52862,-62.701886756895036,36.395651129356736,-99.09753788625177,33.202406148228626,-31.72877334482829,64.93117949305692,-104.1511926613055
683,2007,NYJ,-87.0,87.0,-43.25462,59.258823,-102.51344,102.51344,-33.91989666123837,65.27794185530175,-99.19783851654012,66.91946218689827,-3.157678825354714,70.07714101225298,-104.25747081509982
684,2005,BUF,-96.0,96.0,-6.9973264,83.71996,-90.71729,90.71729,-8.92659769334875,90.83875371644938,-99.76535140979811,96.85572797732927,20.15134532365051,76.70438265367876,-104.85880524716217
685,2022,LAR,-77.0,77.0,-99.37011,-3.4384193,-95.93169,95.93169,-76.54443341184104,23.55482407679496,-100.099257488636,14.165788205049962,-43.689526435107965,57.85531464015792,-105.21261081645495
686,2011,CLE,-89.0,89.0,-90.9812,3.7133317,-94.69453,94.69453,-78.49232815928067,21.843060371665516,-100.33538853094619,15.027638744657082,-45.161681192380705,60.18931993703779,-105.4628143411797
687,2007,CAR,-80.0,80.0,-98.127975,-16.154522,-81.97344,81.97344,-83.15053168071486,17.450305545131087,-100.60083722584595,-2.201949609216795,-47.479256096601304,45.27730648738451,-105.74408273540571
688,2022,DEN,-72.0,72.0,-115.805176,-25.499601,-90.30557,90.30557,-97.1217411626534,3.5320887655374005,-100.6538299281908,-19.71514717746779,-59.80765741744562,40.09251023997782,-105.8002335946136
689,2020,PHI,-84.0,84.0,-89.98164,16.454575,-106.43622,106.43622,-64.40414975925859,36.55795643718887,-100.96210619644746,33.96862367399922,-33.977599477570834,67.94622315157005,-106.12688191730844
690,2024,CHI,-60.0,60.0,-72.48128,14.845371,-87.326645,87.326645,-64.49485282322789,36.71913655636702,-101.21398937959492,29.897408624877393,-35.591292447851295,65.48870107272869,-106.39377634857763
691,1999,ATL,-95.0,95.0,-98.46754,9.865322,-108.332855,108.332855,-75.27771282917905,26.097343485556838,-101.37505631473589,21.598439963634796,-35.94096896802481,57.53940893165961,-106.5644422402563
692,2019,JAX,-97.0,97.0,-61.73787,47.86556,-109.603424,109.603424,-46.53825728227708,56.07877352295073,-102.61703080522781,63.30586678999624,-21.72673574615273,85.03260253614896,-107.88043353093585
693,2024,JAX,-115.0,115.0,8.746956,143.69191,-134.94495,134.94495,11.827844638114605,114.74649697479386,-102.91865233667924,145.44414199417142,24.430947347847262,121.01319464632415,-108.20003052065687
694,2008,SEA,-98.0,98.0,-28.902552,79.362625,-108.265175,108.265175,-20.451430837575273,82.75986447490166,-103.21129531247693,90.30202733233786,4.095831276088463,86.2061960562494,-108.51011386808196
695,2021,WAS,-99.0,99.0,-55.46827,60.087666,-115.55593,115.55593,-34.35055683295509,68.9968411682533,-103.34739800120838,78.41124437096227,-13.368123388649153,91.77936775961142,-108.65432774234414
696,2019,NYG,-110.0,110.0,-94.172356,33.890804,-128.06316,128.06316,-59.717639553085775,43.92925102574954,-103.64689057883531,52.84198212149238,-30.23785477370159,83.07983689519396,-108.97166890095691
697,2013,CLE,-98.0,98.0,-88.509705,16.606972,-105.11667,105.11667,-69.0036144116571,34.69886483507941,-103.70247924673652,27.916853895489304,-35.742939896811066,63.65979379230037,-109.03057043506934
698,2004,OAK,-122.0,122.0,3.2629738,136.0255,-132.76251,132.76251,18.12951879712675,122.18816490804058,-104.05864611091383,147.04900648072908,40.12012432662641,106.92888215410267,-109.40796344505003
699,2012,NYJ,-94.0,94.0,-121.161476,-16.383497,-104.77797,104.77797,-91.37556055860115,12.892284852094445,-104.2678454106956,0.6919621887271137,-47.41444469917633,48.10640688790345,-109.62963020120057
700,2006,HOU,-99.0,99.0,-77.23398,28.697552,-105.93153,105.93153,-56.08114903676707,48.393636174847984,-104.47478521161506,43.886202009748814,-25.999799410293107,69.88600142004192,-109.84890280123369
701,2001,DAL,-92.0,92.0,-116.09733,-20.141502,-95.95583,95.95583,-98.37989599039759,6.34117161611992,-104.72106760651751,-9.605486834414325,-57.28355097007218,47.67806413565785,-110.10986265928275
702,2006,DET,-93.0,93.0,-101.15076,-1.7999778,-99.350784,99.350784,-75.67110979508152,29.50201729431367,-105.1731270893952,21.042903753469293,-31.172088054335788,52.21499180780508,-110.58886311129727
703,2016,CHI,-120.0,120.0,-86.98429,54.498886,-141.48318,141.48318,-53.857744243963914,51.900188115483516,-105.75793235944744,63.752085604782565,-26.891899925697984,90.64398553048055,-111.20852047787284
704,1999,CHI,-69.0,69.0,-120.40932,-32.915867,-87.493454,87.493454,-97.54209771945868,8.44374198063707,-105.98583970009575,-7.719288319670739,-50.57783623644789,42.85854791677715,-111.45001020062577
705,2015,LAR,-50.0,50.0,-169.33656,-104.86399,-64.47257,64.47257,-150.74152964944528,-44.74425010799258,-105.99727954145271,-77.21352233632396,-101.15883440561646,23.945312069292513,-111.46213181158298
706,2025,NO,-77.0,77.0,-134.25844,-36.89012,-97.36832,97.36832,-107.82423156276558,-1.7972035791546772,-106.0270279836109,-26.88708211458536,-70.11642679005357,43.2293446754682,-111.4936531440187
707,2010,SEA,-103.0,103.0,-65.225815,42.17688,-107.402695,107.402695,-50.93239997951675,56.657994531476234,-107.59039451099301,59.87526101370993,-11.686880205540414,71.56214121925035,-113.15019017430816
708,2013,NYG,-89.0,89.0,-145.22174,-50.314583,-94.907166,94.907166,-115.52596971804465,-7.868201469127502,-107.65776824891714,-36.00399559528311,-61.725905364026346,25.72190976874324,-113.22157912231592
709,2017,DEN,-93.0,93.0,-177.94458,-73.47391,-104.47067,104.47067,-141.0211249445488,-33.330865925364485,-107.69025901918431,-64.68168039715877,-87.78226693225899,23.100586535100216,-113.25600621484189
710,2020,CIN,-113.0,113.0,-50.487915,84.18463,-134.67255,134.67255,-27.645725386053574,80.21469175710024,-107.86041714315381,97.46916083225659,-5.940232196177949,103.40939302843454,-113.43630509448599
711,2003,LAC,-128.0,128.0,-3.5299559,131.85495,-135.3849,135.3849,9.432778134807254,117.53329625372504,-108.10051811891779,131.56086027346737,29.117077508806226,102.44378276466114,-113.69071514510136
712,2000,BUF,-26.0,26.0,-84.961,10.121608,-95.08261,95.08261,-72.3141272730127,35.789458080098775,-108.10358535311148,8.249548596828811,-45.78107113438223,54.03061973121103,-113.6939651744025
713,2007,BAL,-109.0,109.0,-116.14737,7.114867,-123.26224,123.26224,-85.19029008814447,22.92365827986613,-108.11394836801058,9.117442417249187,-39.53415402189294,48.651596439142125,-113.70494578427558
714,2021,CHI,-96.0,96.0,-119.05832,-6.0637574,-112.99457,112.99457,-93.64942593996997,14.553095151238326,-108.20252109120831,10.846980820211392,-55.03027859168703,65.87725941189842,-113.79879709379307
715,2014,NYJ,-118.0,118.0,-87.10156,36.610855,-123.71242,123.71242,-71.31502035939306,38.181775189095575,-109.49679554848865,44.0582797273897,-37.844322291266224,81.90260201865593,-115.1702052238065
716,2011,DEN,-110.0,110.0,-92.07602,27.40879,-119.48482,119.48482,-65.45448641087351,44.70251594226106,-110.15700235313457,44.00479133215063,-30.369429647619437,74.37422097977007,-115.86975776020142
717,2010,DEN,-127.0,127.0,0.19651008,147.06914,-146.87263,146.87263,13.784622216971131,125.26565327973185,-111.48103106276072,152.64104936014365,28.082917409755503,124.55813195038816,-117.27269337910255
718,2007,DET,-98.0,98.0,-67.088776,32.39003,-99.478806,99.478806,-40.8992855280871,71.01652353091049,-111.91580905899758,62.13671473401722,-7.719744619074878,69.8564593530921,-117.73338243576762
719,2003,HOU,-125.0,125.0,-76.40026,34.10879,-110.50905,110.50905,-66.25092824065867,46.957447333634704,-113.20837557429337,47.66308139695015,-29.214386865793305,76.87746826274345,-119.10298083716437
720,2011,MIN,-109.0,109.0,-56.96555,63.221752,-120.1873,120.1873,-40.76199517386884,72.5951575685717,-113.35715274244055,75.82475593312648,-15.191543014065646,91.01629894719214,-119.26062454002022
721,2005,DET,-91.0,91.0,-102.65387,0.5345154,-103.188385,103.188385,-84.15672462802996,30.781295181224564,-114.93801980925453,16.42972493917181,-43.22911332619674,59.65883826536855,-120.93570507313592
722,2020,DEN,-123.0,123.0,-91.885254,45.926044,-137.81131,137.81131,-64.46462358841153,51.34846263053808,-115.81308621894962,54.77224519754688,-29.173085052953592,83.94533025050048,-121.86292200290463
723,2002,CHI,-98.0,98.0,-96.7462,14.384802,-111.131,111.131,-79.07246719548927,36.89460085532904,-115.96706805081831,27.28758157614159,-33.40212397411893,60.68970555026052,-122.02608054699179
724,2011,JAX,-86.0,86.0,-156.88788,-77.061226,-79.82666,79.82666,-145.20645248670314,-28.091065921368653,-117.11538656533449,-56.76459870156773,-91.51884495966391,34.754246258096174,-123.24283433348126
725,2006,SF,-114.0,114.0,-82.665886,42.162243,-124.82813,124.82813,-60.746827755399536,58.151432648791996,-118.89826040419153,56.919770532712874,-26.35982199784616,83.27959253055904,-125.13196044861344
726,1999,SF,-158.0,158.0,-22.78882,125.20354,-147.99237,147.99237,-8.52855576871518,112.26146640573569,-120.79002217445085,127.35908743443092,12.613902161608435,114.74518527282248,-127.13646378806266
727,2014,WAS,-137.0,137.0,-77.114204,71.6851,-148.7993,148.7993,-50.84806094355459,70.567139463986,-121.41520040754058,82.82471935836989,-22.43567369884611,105.26039305721599,-127.79890018765622
728,2021,CAR,-100.0,100.0,-183.0781,-68.15885,-114.91924,114.91924,-153.53989435287087,-31.38419676954961,-122.15569758332127,-54.48091822524069,-97.80012722091372,43.31920899567302,-128.58352808586224
729,2003,OAK,-109.0,109.0,-66.13361,45.945568,-112.07918,112.07918,-66.21483100473182,56.04273733390143,-122.25756833863323,53.9430121580052,-27.842229146923657,81.78524130492886,-128.69146993796292
730,2020,DET,-142.0,142.0,-10.308679,163.43338,-173.74207,173.74207,12.018234801679426,134.3009451830394,-122.28271038135998,181.75684973325804,20.962371913745674,160.79447781951237,-128.7181103476586
731,2004,CLE,-114.0,114.0,-108.652626,6.937991,-115.590614,115.590614,-92.80723082447918,29.549762607384935,-122.35699343186411,16.770695825028103,-40.86672549157527,57.637421316603366,-128.79682037613094
732,2016,NYJ,-134.0,134.0,-125.5037,23.713318,-149.21701,149.21701,-89.85071732894305,33.00164562383368,-122.85236295277673,34.72948811436222,-54.61472250709093,89.34421062145316,-129.32171197429165
733,2009,SEA,-110.0,110.0,-102.550285,15.911748,-118.46203,118.46203,-84.69069625390419,38.65137269285711,-123.3420689467613,36.01315179182536,-42.02076941316618,78.03392120499156,-129.8406025215701
734,2013,OAK,-131.0,131.0,-78.05973,65.46276,-143.52249,143.52249,-52.021192871126466,72.17229272439381,-124.19348559552029,82.22164909759644,-22.407771936143707,104.62942103374014,-130.74276025756564
735,2025,ARI,-133.0,133.0,-29.530037,127.8416,-157.37164,157.37164,-11.215462885303005,113.03818730831436,-124.25365019361736,131.90472266988644,2.356095364926993,129.54862730495947,-130.8065104293358
736,2014,CHI,-123.0,123.0,-74.57942,64.689735,-139.26917,139.26917,-48.97443287538691,75.63523668487922,-124.60966956026613,84.0604996423494,-22.01311931115501,106.07361895350441,-131.18374715151472
737,2017,MIA,-112.0,112.0,-145.0261,-14.497889,-130.52821,130.52821,-119.39527333137103,5.289858589827749,-124.68513192119877,3.3952078830900243,-70.5662113911212,73.96141927421122,-131.26370677268386
738,2018,NYJ,-108.0,108.0,-133.16545,-18.441841,-114.72362,114.72362,-112.62159091785182,13.10390475071083,-125.72549566856266,6.29974018287321,-63.760640074348146,70.06038025722137,-132.36607211202937
739,2019,NYJ,-83.0,83.0,-171.0117,-62.979473,-108.032234,108.032234,-151.14264914752067,-24.62797413837624,-126.51467500914444,-42.23953182570266,-101.77671920513146,59.53718737942879,-133.2022834407971
740,2001,BUF,-155.0,155.0,-77.622375,71.07848,-148.70087,148.70087,-55.44488821206488,71.4182633394762,-126.86315155154107,76.16285313740809,-22.088415773642907,98.251268911051,-133.57152781603256
741,2013,TB,-101.0,101.0,-91.29433,18.608656,-109.902985,109.902985,-78.61688276854024,48.41285790092146,-127.02974066946169,39.09432252432126,-48.05500607374342,87.14932859806467,-133.7480449908891
742,2007,OAK,-115.0,115.0,-91.824814,32.631306,-124.456116,124.456116,-79.60809953829144,47.62470959025164,-127.23280912854307,40.82573213993086,-38.778331894598665,79.60406403452951,-133.96321553232025
743,2015,TEN,-124.0,124.0,-113.17243,26.709682,-139.88211,139.88211,-86.47828359770344,40.898820371722856,-127.37710396942629,38.42501071906039,-47.385918039745356,85.81092875880574,-134.11610977881728
744,2007,BUF,-102.0,102.0,-75.29535,36.97018,-112.26553,112.26553,-70.7924783621277,56.63613195049762,-127.42861031262531,53.89260130704774,-32.19703849265321,86.08963979970096,-134.17068569771382
745,2024,DAL,-118.0,118.0,-66.2528,71.33796,-137.59076,137.59076,-54.06221767873139,75.00412999083792,-129.06634766956932,81.82259204783527,-15.054219772833875,96.87681182066915,-135.90602576682042
746,2007,KC,-109.0,109.0,-147.21506,-24.100563,-123.11449,123.11449,-126.67029400833053,2.424520809631872,-129.0948148179624,-19.87060177473609,-76.41473855439209,56.54413677965599,-135.93618944541652
747,2023,ARI,-125.0,125.0,-60.339794,84.88933,-145.22913,145.22913,-50.442996019293865,80.24829176160682,-130.6912877809007,97.73356954816367,-23.256971727924224,120.9905412760879,-137.6278059247534
748,2005,NYJ,-115.0,115.0,-77.027145,54.013702,-131.04085,131.04085,-63.785058280941435,66.95128676882425,-130.73634504976567,57.985254983610616,-22.949124581131322,80.93437956474193,-137.6755484298226
749,2012,PHI,-164.0,164.0,-99.77243,80.285614,-180.05804,180.05804,-61.1259419389292,69.79167529628067,-130.9176172352099,84.84242246791203,-25.070429999912886,109.9128524678249,-137.8676237253406
750,2010,BUF,-142.0,142.0,-99.620514,49.04819,-148.6687,148.6687,-72.57170762823621,61.231799569178584,-133.8035071974148,64.48771177047351,-30.41790864990035,94.90562042037386,-140.92550139126345
751,2024,NE,-128.0,128.0,-88.15897,68.93259,-157.09155,157.09155,-70.4967958626703,63.92118504189617,-134.41798090456646,81.0174415724506,-35.6922800702384,116.70972164268899,-141.5765953172288
752,2005,TEN,-122.0,122.0,-84.06132,49.651054,-133.71237,133.71237,-74.69724609899782,59.89816316076027,-134.59540925975807,62.770268969959034,-29.593591596400785,92.36386056635982,-141.76459770531267
753,2012,OAK,-153.0,153.0,-40.157116,127.79397,-167.9511,167.9511,-27.774882712027754,107.23674761130704,-135.0116303233348,124.9874843948525,-1.3849077027894343,126.37239209764194,-142.2056239090372
754,2000,CHI,-139.0,139.0,-131.72577,-1.9994822,-129.72629,129.72629,-116.21446382662135,20.992433831504126,-137.20689765812548,6.721694760148798,-67.09878883003206,73.82048359018087,-144.53172055225696
755,2005,NO,-163.0,163.0,-109.770325,56.513664,-166.284,166.284,-79.17593484734962,58.12937921317483,-137.30531406052444,59.76266553100774,-34.64240698456994,94.40507251557767,-144.6360021855824
756,2022,ARI,-109.0,109.0,-133.25948,-2.0749574,-131.18451,131.18451,-111.19326998905963,26.95412731976018,-138.1473973088198,17.424492322592524,-72.29820636369651,89.72269868628904,-145.52827028711556
757,2024,OAK,-125.0,125.0,-148.82732,-1.3682232,-147.4591,147.4591,-123.0083237728291,16.05179791685636,-139.06012168968545,8.15488738143204,-71.70381237556647,79.8586997569985,-146.49538945518665
758,2000,LAC,-139.0,139.0,-149.94798,-9.423134,-140.52484,140.52484,-123.45954145076,16.000951613985414,-139.4604930647454,-8.022887113696687,-64.63508613343973,56.612199019743045,-146.9196213912288
759,2018,BUF,-105.0,105.0,-212.43265,-99.52995,-112.9027,112.9027,-182.35857166830024,-42.87673424420542,-139.4818374240948,-77.88989991107815,-122.5483844464971,44.65848453541895,-146.9422377905381
760,2022,CHI,-137.0,137.0,-57.096725,98.965675,-156.06241,156.06241,-43.96093571568535,95.83843548595098,-139.79937120163635,116.47303058498565,-22.062221855782425,138.53525244076806,-147.27869533370045
761,2011,KC,-126.0,126.0,-130.04335,8.906415,-138.94977,138.94977,-109.64399948552364,30.50206555693829,-140.14606504246194,19.186709864382763,-67.9991195565395,87.18582942092226,-147.6460507653551
762,2013,WAS,-144.0,144.0,-104.10527,54.093758,-158.19904,158.19904,-69.72408864978345,70.76772466768078,-140.49181331746422,67.11282040178702,-38.702425140410966,105.81524554219797,-148.0124042791783
763,2014,TB,-133.0,133.0,-131.57538,12.493709,-144.06909,144.06909,-103.87861425275185,36.7244259533386,-140.60304020609044,34.16738536201012,-61.84835367338554,96.01573903539565,-148.13025985338055
764,2006,CLE,-118.0,118.0,-146.89558,-18.288101,-128.60748,128.60748,-125.96682227285751,15.085698781870233,-141.05252105472775,0.510983478357609,-64.99514559832716,65.50612907668477,-148.60652799468485
765,1999,PHI,-85.0,85.0,-159.8097,-65.57461,-94.23507,94.23507,-139.17875300955774,2.195283109926871,-141.3740361194846,-41.14997655020397,-77.17808621357115,36.02810966336718,-148.94720409413895
766,2002,ARI,-155.0,155.0,-50.99897,109.325264,-160.32423,160.32423,-38.033189394937466,103.94208576968504,-141.9752751646225,116.76335530261342,-4.314503373163016,121.07785867577643,-149.5842746242306
767,2019,CIN,-141.0,141.0,-93.7112,74.495255,-168.20645,168.20645,-72.32536471691341,69.782056854105,-142.1074215710184,84.77084089258993,-33.83364470899748,118.60448560158741,-149.72429643727338
768,2018,MIA,-114.0,114.0,-118.929596,19.171642,-138.10124,138.10124,-96.7863004048438,45.43042523524397,-142.2167256400878,46.71846901209714,-59.200589879972256,105.91905889206939,-149.84011459942758
769,2009,CLE,-130.0,130.0,-107.377335,34.202465,-141.5798,141.5798,-97.24037982002825,45.47881807852696,-142.71919789855522,51.92002870707318,-44.56939397397656,96.48942268104975,-150.37253223039625
770,2019,CAR,-130.0,130.0,-118.092926,45.72715,-163.82008,163.82008,-87.03309771719903,55.688887828694874,-142.72198554589392,60.746957294633646,-47.946421805496726,108.69337910013036,-150.3754860105643
771,2002,HOU,-143.0,143.0,-214.03592,-109.889694,-104.14622,104.14622,-204.2111874397534,-61.38624767247653,-142.82493976727687,-96.85756403172614,-131.17906195227062,34.32149792054446,-150.48457589905706
772,2013,HOU,-152.0,152.0,-140.54968,27.738737,-168.28842,168.28842,-109.79972225081244,33.279535302691066,-143.07925755350348,34.10529478423792,-62.21601348200557,96.32130826624349,-150.75405002618393
773,2021,DET,-142.0,142.0,-85.23939,84.71394,-169.95334,169.95334,-63.13991978082352,81.10130125478639,-144.24122103560993,101.0684198115234,-33.435630084436255,134.50404989595967,-151.98526196672393
774,2008,CLE,-118.0,118.0,-124.10977,0.33889103,-124.44866,124.44866,-111.38672903753148,33.072870612821575,-144.45959965035306,22.763000884517318,-59.89562987980179,82.6586307643191,-152.216655088944
775,2002,DAL,-112.0,112.0,-199.81544,-79.62686,-120.18858,120.18858,-170.5272630472192,-26.035448446607333,-144.49181460061186,-58.77492707716633,-107.94276725989276,49.16784018272643,-152.25078992367278
776,2005,HOU,-171.0,171.0,-49.46161,118.29114,-167.75275,167.75275,-46.41495865849189,98.46701807088058,-144.88197672937247,122.5482530871437,-13.10516962099626,135.65342270813997,-152.66420418244599
777,2008,OAK,-125.0,125.0,-92.56473,47.556812,-140.12154,140.12154,-88.97220305371255,56.97772627133338,-145.94992932504593,64.13033958231071,-42.63971747124087,106.77005705355157,-153.79580255706978
778,2023,NYJ,-87.0,87.0,-258.80225,-152.43124,-106.37102,106.37102,-232.39166510736578,-86.29765548985607,-146.0940096175097,-131.79667533678628,-151.6473939557709,19.85071861898463,-153.94846946890448
779,2015,SF,-149.0,149.0,-111.026276,51.74872,-162.775,162.775,-96.66585644482505,50.20623303876447,-146.87208948358952,61.20559896417806,-64.14267708878147,125.34827605295952,-154.77291983809732
780,2003,NYG,-144.0,144.0,-156.17531,-4.4495077,-151.7258,151.7258,-126.05939646542166,20.867884489653587,-146.92728095507525,11.932600387278141,-74.41748095999523,86.35008134727337,-154.8314005044484
781,2001,DET,-154.0,154.0,-84.73163,81.13429,-165.86592,165.86592,-65.59827211989615,81.6208423375961,-147.21911445749225,92.40978295004211,-24.13775822396609,116.54754117400822,-155.14062613705957
782,2025,CLE,-100.0,100.0,-217.2505,-97.48056,-119.76994,119.76994,-194.73582701878982,-47.027861786927446,-147.70796523186237,-83.6557230390914,-130.72886976082395,47.07314672173257,-155.65861049699456
783,2003,ATL,-123.0,123.0,-137.98994,5.4922094,-143.48215,143.48215,-111.40349703903875,36.34401913312528,-147.74751617216404,30.696087637778216,-67.5884984186267,98.28458605640492,-155.70051851795122
784,2015,CLE,-154.0,154.0,-114.311615,55.90133,-170.21294,170.21294,-84.62859810016681,64.4183510618537,-149.04694916202052,76.02325765440435,-48.826207054591855,124.84946470899621,-157.0773926088156
785,2003,DET,-109.0,109.0,-140.79906,-18.030975,-122.76809,122.76809,-132.60736034478836,16.604795019093977,-149.21215536388235,1.897249125732781,-76.29835092009075,78.19560004582354,-157.2524444512494
786,2007,MIA,-170.0,170.0,-45.466206,130.77931,-176.24551,176.24551,-33.29647457409438,117.06098887540693,-150.35746344950132,130.4344570471346,-2.662179564381014,133.0966366115156,-158.4660083991067
787,2017,IND,-141.0,141.0,-106.97087,52.150158,-159.12102,159.12102,-94.48942130304401,56.257120536497226,-150.74654183954124,66.03759962372486,-58.18933848832232,124.22693811204718,-158.87827433258923
788,1999,ARI,-137.0,137.0,-138.12646,1.7062435,-139.8327,139.8327,-122.31700015836104,28.586672210537166,-150.9036723688982,12.294827364755339,-62.92601342424603,75.22084078900136,-159.04476922416447
789,2024,TEN,-149.0,149.0,-123.40993,50.524338,-173.93427,173.93427,-96.25974244199428,54.95252693039914,-151.2122693723934,57.96596521654275,-49.55318142561312,107.51914664215586,-159.37175739665793
790,2012,TEN,-141.0,141.0,-97.06269,64.84365,-161.90634,161.90634,-75.8539643522842,77.64597144948914,-153.49993580177335,80.81143776278869,-38.65022942325979,119.46166718604847,-161.7957597574887
791,2022,IND,-138.0,138.0,-198.97484,-47.649235,-151.3256,151.3256,-164.56672953224543,-10.892507584997281,-153.67422194724816,-25.765790523076003,-101.30510243834424,75.53931191526824,-161.9804326725017
792,2009,KC,-130.0,130.0,-102.63921,40.90413,-143.54333,143.54333,-92.01225297744891,62.64312746293373,-154.65538044038263,55.45013478459721,-47.44679374248169,102.8969285270789,-163.02006435707023
793,2024,NYG,-142.0,142.0,-116.70556,54.915512,-171.62106,171.62106,-97.09212782186972,57.6241438311951,-154.7162716530648,68.59010000328354,-53.81480950711844,122.40490951040198,-163.08458444680002
794,2008,KC,-149.0,149.0,-47.54953,120.55663,-168.10617,168.10617,-31.527762389570043,125.00047288713124,-156.52823527670128,133.3150097128531,-6.478690841852147,139.79370055470525,-165.0045339835971
795,2021,ATL,-146.0,146.0,-104.955696,65.73402,-170.68971,170.68971,-81.06335465393104,75.94081316669299,-157.00416782062405,86.67145617313672,-46.41538843212863,133.08684460526536,-165.50883023730296
796,1999,CIN,-177.0,177.0,-86.765045,93.43716,-180.2022,180.2022,-64.77351749340824,92.57728383562983,-157.35080132903806,95.58682996133813,-29.994933553121864,125.58176351446,-165.87612174097134
797,2004,CHI,-100.0,100.0,-236.12053,-128.96043,-107.160095,107.160095,-213.29438131012617,-54.24009197335267,-159.0542893367735,-102.16150185955365,-135.84393403394154,33.6824321743879,-167.68113094133662
798,2018,OAK,-177.0,177.0,-91.23958,108.77774,-200.01733,200.01733,-63.198947957649416,96.87696950083385,-160.07591745848327,121.93953169615378,-33.00060424197488,154.94013593812866,-168.7636440853472
799,2006,TB,-142.0,142.0,-189.87466,-35.85795,-154.01672,154.01672,-162.83477419943938,-1.7887328873500206,-161.04604131208936,-15.182457935662981,-100.51101327408928,85.3285553384263,-169.79158350922413
800,2002,DET,-145.0,145.0,-95.329956,63.37843,-158.70839,158.70839,-87.57266301974185,73.89169784931414,-161.464360869056,79.80529589364818,-36.55086747591368,116.35616336956184,-170.2348332683001
801,2002,CIN,-177.0,177.0,-69.181366,124.51367,-193.69504,193.69504,-49.00175773500881,112.5424373105692,-161.544195045578,125.83554610783183,-16.169542199730827,142.00508830756266,-170.3194252480918
802,2022,HOU,-131.0,131.0,-174.0393,-27.903135,-146.13615,146.13615,-152.77286928201138,10.239690321073315,-163.0125596030847,-2.3387803300215135,-94.36450121002248,92.02572088000097,-171.8752985643432
803,2017,NYG,-142.0,142.0,-188.4703,-22.275314,-166.19499,166.19499,-156.85984688956367,7.5334310150920345,-164.39327790465572,-2.5686943270123486,-114.34929922792416,111.78060490091181,-173.33830225214814
804,2012,ARI,-107.0,107.0,-235.50908,-123.12098,-112.38809,112.38809,-221.25511743491455,-56.675233917797996,-164.57988351711657,-100.6725149958702,-137.59088704141422,36.91837204554402,-173.5360288259791
805,2021,NYG,-158.0,158.0,-171.39307,3.0329247,-174.426,174.426,-143.63128986394065,24.849800504910252,-168.48109036885091,22.327997465037885,-90.53681123570331,112.86480870074121,-177.66973227908971
806,2016,CLE,-188.0,188.0,-93.14594,118.73039,-211.87633,211.87633,-69.53500170079062,99.4178227456826,-168.95282444647322,128.87130769803358,-44.77500747795383,173.6463151759874,-178.16957985439845
807,2023,NE,-130.0,130.0,-250.68614,-92.35474,-158.3314,158.3314,-217.45384498114117,-47.914703164952975,-169.53914181618822,-78.09172783366346,-146.25093768716448,68.15920985350103,-178.79083943583598
808,2007,SF,-145.0,145.0,-181.25629,-27.42548,-153.83081,153.83081,-170.7096090522184,1.54959890700452,-172.25920795922292,-12.575855748521496,-96.3945289608994,83.81867321237789,-181.67301083445156
809,2000,ATL,-161.0,161.0,-131.6361,43.489094,-175.12518,175.12518,-118.79155126702463,55.04687647455081,-173.83842774157543,51.69643604362617,-59.30597912114945,111.00241516477561,-183.3463459114237
810,2009,TB,-156.0,156.0,-165.43874,3.2389088,-168.67766,168.67766,-141.63283351676975,32.88672423521817,-174.51955775198792,29.21870845641986,-83.6183368550246,112.83704531144446,-184.06806859444617
811,2016,SF,-171.0,171.0,-122.38565,76.870415,-199.25607,199.25607,-95.7027316905607,79.1461914383956,-174.8489231289563,94.69374573853842,-60.71715382647474,155.41089956501315,-184.41706285387747
812,2017,CLE,-176.0,176.0,-179.37543,23.220407,-202.59584,202.59584,-145.35196824297597,30.07591848027715,-175.42788672325312,30.237574390648554,-88.09679205792733,118.33436644857589,-185.03053040377324
813,2012,JAX,-189.0,189.0,-111.11214,81.353806,-192.46594,192.46594,-95.95318782903483,82.59912907440535,-178.5523169034402,96.20715018363245,-52.559520106040964,148.7666702896734,-188.34116434749777
814,2020,JAX,-186.0,186.0,-86.490555,130.26549,-216.75604,216.75604,-62.95411890717585,116.96068688958778,-179.91480579676363,150.68419079983542,-36.71475634846175,187.39894714829717,-189.7848522259429
815,2001,CAR,-157.0,157.0,-143.21269,19.840555,-163.05325,163.05325,-131.78766970626725,48.76178265801611,-180.54945236428335,38.77425354879964,-66.79254192025557,105.56679546905522,-190.45732123549948
816,2000,CIN,-174.0,174.0,-158.23412,34.57513,-192.80925,192.80925,-138.47141998416396,42.73153667850139,-181.20295666266534,41.3327248416307,-84.23644089256078,125.56916573419147,-191.1497718225898
817,2014,TEN,-184.0,184.0,-132.41638,74.70485,-207.12123,207.12123,-109.59507397830343,71.80139582977861,-181.39646980808203,81.43327278460553,-66.50056153996245,147.93383432456798,-191.35481759120256
818,2010,ARI,-145.0,145.0,-177.48283,-12.239549,-165.24329,165.24329,-158.54345957793635,23.031209104702352,-181.5746686826387,5.5355503246402975,-91.18142395834175,96.71697428298205,-191.54363641857847
819,2007,ATL,-155.0,155.0,-161.40811,14.303315,-175.71143,175.71143,-143.94949599229616,37.82524748896371,-181.7747434812599,32.79667580554281,-90.14831248312238,122.94498828866519,-191.75563488914742
820,2019,WAS,-169.0,169.0,-130.6542,66.00038,-196.65459,196.65459,-110.54139566704423,72.60027679717494,-183.1416724642192,85.73809260490039,-68.03065826634113,153.7687508712415,-193.2040274691266
821,2011,IND,-187.0,187.0,-151.43272,51.9179,-203.35062,203.35062,-122.68087370389095,61.98066140764362,-184.6615351115346,66.78054044468242,-76.64229544844686,143.42283589312927,-194.8144679590146
822,2023,WAS,-189.0,189.0,-117.756905,106.55392,-224.31082,224.31082,-86.4745956989684,98.25080256617422,-184.72539826514262,119.08356320874879,-47.32088246981397,166.40444567856275,-194.8821371056733
823,2014,JAX,-163.0,163.0,-185.11047,-4.4268837,-180.6836,180.6836,-162.725955417268,22.164802197034525,-184.89075761430254,12.06188444968057,-104.46583663691547,116.52772108659603,-195.05735122238252
824,2019,MIA,-188.0,188.0,-97.42549,125.1238,-222.54929,222.54929,-75.83946820344426,109.2096270079116,-185.04909521135588,136.5710788434667,-43.1117555368427,179.6828343803094,-195.2251251181465
825,2011,TB,-207.0,207.0,-89.38795,129.01198,-218.39992,218.39992,-67.06140668897145,120.37779710238274,-187.4392037913542,145.10835265282114,-22.861146275568146,167.96949892838927,-197.75767477929972
826,2009,OAK,-182.0,182.0,-126.48878,68.47521,-194.96399,194.96399,-120.8096536514994,66.63251337774541,-187.4421670292448,76.28745882253476,-62.007171914604854,138.2946307371396,-197.7608146145267
827,2008,CIN,-160.0,160.0,-173.37851,1.7355409,-175.11404,175.11404,-157.85720689937014,30.439127514299557,-188.29633441366968,17.179477437069714,-101.01399937051589,118.19347680758561,-198.66588701922674
828,1999,NO,-174.0,174.0,-156.93755,27.796318,-184.73386,184.73386,-129.0140005147858,59.89089642364766,-188.90489693843347,48.183000655382685,-69.95050057131101,118.13350122669368,-199.3107174795576
829,2024,CAR,-193.0,193.0,-52.76513,180.2576,-233.02274,233.02274,-38.653854938293044,151.64985315375816,-190.3037080920512,188.86086786231638,-13.592788302093524,202.45365616440992,-200.7928922823084
830,2007,LAR,-175.0,175.0,-148.12105,51.20087,-199.32193,199.32193,-127.38349352511693,65.40648129458346,-192.78997481970038,59.112593586809005,-69.63824389446873,128.75083748127773,-203.42733073892813
831,2016,LAR,-170.0,170.0,-200.29295,-6.02612,-194.26683,194.26683,-176.98841065709993,16.31515202697782,-193.30356268407775,13.015903049797881,-107.16802979688941,120.1839328466873,-203.9715264222482
832,2024,CLE,-177.0,177.0,-221.1064,-15.283987,-205.82242,205.82242,-192.09601168734835,1.3553219399346466,-193.451333627283,-4.962759772663611,-119.45237864950734,114.48961887684372,-204.1281039331088
833,2006,OAK,-164.0,164.0,-240.2703,-59.094532,-181.17577,181.17577,-211.5714123169123,-17.550831273635307,-194.020581043277,-48.4541487779351,-127.4006278068582,78.9464790289231,-204.73127625864765
834,2021,JAX,-204.0,204.0,-125.89847,118.7175,-244.61597,244.61597,-97.96468205764884,96.22045964031555,-194.1851416979644,121.04750761310765,-59.68601802035086,180.73352563345853,-204.9056440818317
835,2023,NYG,-141.0,141.0,-208.75677,-44.126305,-164.63046,164.63046,-190.2099810065361,4.9465037254527875,-195.15648473198888,-12.95972328326233,-132.84026486396874,119.88054158070639,-205.93487534449002
836,2023,CAR,-180.0,180.0,-186.55086,20.510555,-207.0614,207.0614,-167.94344858006673,28.033646081228145,-195.97709466129487,25.41280252009644,-109.20953844038586,134.6223409604823,-206.804390401586
837,2012,KC,-214.0,214.0,-131.48888,104.90361,-236.39249,236.39249,-106.06922490117401,90.37806698753599,-196.44729188871003,109.94999059766324,-55.964029322776696,165.91401992043996,-207.30260953645322
838,2021,NYJ,-194.0,194.0,-99.861984,138.02333,-237.88531,237.88531,-77.24269370701583,120.1833880627384,-197.42608176975423,153.06633290554768,-44.59845233738545,197.66478524293314,-208.33973144895663
839,2004,SF,-193.0,193.0,-141.66313,75.51134,-217.17447,217.17447,-118.29666144302428,81.23545548025838,-199.53211692328264,86.03468589035637,-57.94306287609257,143.97774876644894,-210.57127802348458
840,1999,CLE,-220.0,220.0,-87.65963,152.02466,-239.6843,239.6843,-74.65278575727547,125.02880586661867,-199.68159162389412,152.07265794990582,-39.800283535652994,191.8729414855588,-210.72966082899916
841,2025,NYJ,-203.0,203.0,-71.89189,169.77051,-241.66238,241.66238,-71.2891834341247,128.40545714240903,-199.69464057653371,166.47074598442285,-29.048823453230057,195.51956943765293,-210.7434874479496
842,2000,ARI,-233.0,233.0,-84.3862,160.67189,-245.0581,245.0581,-65.30899821569189,134.4192632852787,-199.72826150097058,161.80151598473842,-18.915505765241218,180.7170217499796,-210.77911204739365
843,2013,JAX,-202.0,202.0,-137.87257,71.56692,-209.4395,209.4395,-124.20954768533794,76.07898785669892,-200.28853554203684,88.5151484649146,-67.68346682904355,156.19861529395814,-211.3727762201135
844,2021,HOU,-172.0,172.0,-154.22942,48.819485,-203.04889,203.04889,-137.46817186267097,63.9257575078925,-201.39392937056348,73.09114197815153,-91.18332730144053,164.27446927959207,-212.54404717797013
845,2014,OAK,-199.0,199.0,-203.47037,20.474651,-223.945,223.945,-173.9281354844996,30.51802392089151,-204.44615940539109,30.33832111180927,-112.73334973403706,143.07167084584634,-215.77817813133032
846,2005,SF,-189.0,189.0,-148.80473,55.324677,-204.12941,204.12941,-141.08021911886274,66.50248354036609,-207.58270265922883,70.18495443849504,-81.280349478369,151.46530391686406,-219.10164704030547
847,2025,TEN,-194.0,194.0,-142.73949,87.50699,-230.24648,230.24648,-131.94077749453606,78.83400388693994,-210.774781381476,96.05607219016875,-81.3081323736418,177.36420456381055,-222.48396111342055
848,2003,ARI,-227.0,227.0,-155.43016,87.2184,-242.64856,242.64856,-130.63292480007811,85.36285333527356,-215.99577813535166,96.21462986267633,-70.36986794383645,166.5844978065128,-228.01610876167473
849,2025,OAK,-191.0,191.0,-194.17113,34.273808,-228.44493,228.44493,-175.33712071056462,44.26574548594512,-219.60286619650975,40.22180768847079,-111.41969038216085,151.64149807063166,-231.83816509981904
850,2020,NYJ,-214.0,214.0,-164.9777,81.19463,-246.17233,246.17233,-138.085384640134,83.28519459024075,-221.37057923037477,100.04135470453811,-98.18261689772663,198.22397160226475,-233.71122688554516
851,2018,ARI,-200.0,200.0,-256.7634,-27.893684,-228.86972,228.86972,-227.93736783248528,1.0578774496923788,-228.99524528217768,-3.580899576839151,-153.53869575632015,149.957796179481,-241.79029307839295
852,2008,LAR,-233.0,233.0,-178.69617,66.65828,-245.35445,245.35445,-155.13505242551363,77.23176413063078,-232.3668165561444,81.14519487486504,-90.54009693897297,171.685291813838,-245.36279675412317
853,2011,LAR,-214.0,214.0,-247.71777,-6.0452385,-241.67255,241.67255,-219.2401277879226,15.593959467838252,-234.83408725576083,11.228541664273958,-153.7446385954436,164.97318025971754,-247.97710709407065
854,2009,DET,-232.0,232.0,-172.44559,83.438354,-255.88394,255.88394,-148.06361694018793,88.99669342945855,-237.0603103696465,96.2529876580321,-84.84639823574804,181.09938589378012,-250.33600435920098
855,2010,CAR,-212.0,212.0,-242.35396,-7.2781086,-235.07585,235.07585,-217.927847169696,24.902924432756055,-242.83077160245207,8.251326811472548,-137.68124310237334,145.9325699138459,-256.4503624106037
856,2008,DET,-249.0,249.0,-115.79302,164.84567,-280.6387,280.6387,-107.75576321805208,140.78670262246837,-248.54246584052046,175.940816747398,-59.27608524404807,235.21690199144606,-262.50245118526556
857,2000,CLE,-258.0,258.0,-153.48407,121.70565,-275.18973,275.18973,-148.92577917281804,111.13758560380383,-260.0633647766219,121.98230042800205,-90.25116211788679,212.23346254588884,-274.7099504348706
858,2001,JAX,8.0,-8.0,-262.799,-3.0144758,-259.78455,259.78455,-250.16757571211033,15.40742597110875,-265.5750016832191,3.942405855668312,-165.46573889052718,169.4081447461955,-280.55005924708706
859,2009,LAR,-261.0,261.0,-198.60333,90.30904,-288.91235,288.91235,-179.49759990104752,87.12236705474592,-266.6199669557934,101.98045715577943,-106.78285048542038,208.76330764119982,-281.65730034446716
860,2002,JAX,13.0,-13.0,-236.09468,40.872646,-276.96732,276.96732,-233.55254382629113,55.389985070739456,-288.94252889703057,50.854619978161935,-159.17830376684302,210.03292374500495,-305.3101992769464
