,season,team,margin,margin_against,epa,epa_against,epa_net,epa_net_opponent,wepa,d_wepa,wepa_net,wepa_against,d_wepa_against,wepa_net_opponent,wepa_net_normalized
0,2007,NE,332.0,-332.0,313.7151,-41.16817,354.88327,-354.88327,323.13109114864545,5.366312357383405,317.7647787912621,-18.264147750601467,253.8515695973959,-272.11571734799736,334.2522729851258
1,2001,LAR,260.0,-260.0,135.84218,-141.19266,277.03482,-277.03482,143.88348272985613,-128.87382964562332,272.75731237547944,-168.80762761299758,137.15890976899564,-305.9665373819932,287.03505716382443
2,2011,NO,221.0,-221.0,259.33472,4.662956,254.67177,-254.67177,282.74209761020126,25.119341306750474,257.6227563034508,21.941645832390407,219.414283448959,-197.4726376165686,271.1574337977161
3,2019,BAL,233.0,-233.0,187.73804,-78.417496,266.15555,-266.15555,200.304935611472,-21.675908629398037,221.98084424087003,-52.71557895009445,154.433324967376,-207.14890391747045,233.76559666127648
4,2013,DEN,189.0,-189.0,264.52203,63.776066,200.74596,-200.74596,293.0749921194844,73.45989751058976,219.61509460889465,81.60577309908248,222.5366595725953,-140.93088647351283,231.2836948825757
5,2025,SEA,246.0,-246.0,106.17091,-184.94293,291.11383,-291.11383,124.29547189017158,-94.2297938008424,218.525265691014,-156.29420198698932,111.23722022490514,-267.5314222118945,230.14035820264607
6,2016,NE,234.0,-234.0,155.98463,-109.42961,265.41425,-265.41425,168.5904253739527,-48.00277957667486,216.59320495062758,-83.47418212786212,130.3622254128382,-213.83640754070032,228.11343831082343
7,2001,PIT,150.0,-150.0,32.97198,-167.26884,200.24081,-200.24081,52.624007940470406,-156.17041355664003,208.79442149711042,-169.4196605782543,35.16771819563249,-204.5873787738868,219.93175489708688
8,2021,BUF,218.0,-218.0,133.34485,-122.17125,255.51611,-255.51611,151.4443207962726,-55.180114567169845,206.62443536344244,-97.41252775958777,121.04184696917001,-218.45437472875778,217.65522809470943
9,2011,NE,205.0,-205.0,283.33145,68.71141,214.62003,-214.62003,295.82627709658675,89.45601042617655,206.37026667041022,98.81007023933404,228.8312613413168,-130.02119110198277,217.3885803806823
10,2024,PHI,228.0,-228.0,152.67863,-117.53169,270.21033,-270.21033,162.94589466663635,-40.99238758372193,203.93828225035827,-86.6529264126329,125.39206152256006,-212.04498793519295,214.83719185828
11,2024,DET,208.0,-208.0,202.62605,-28.983149,231.60919,-231.60919,214.98738447841737,12.836431914463004,202.15095256395438,-6.855817387732518,172.1630756092399,-179.01889299697243,212.96210893832344
12,2012,NE,224.0,-224.0,245.56421,14.945058,230.61916,-230.61916,265.13392066862997,64.07584335033847,201.0580773182915,60.99438486215628,198.19913730877363,-137.20475244661736,211.81557636384986
13,2024,BAL,169.0,-169.0,221.5254,25.265987,196.25943,-196.25943,235.64416643094467,39.861560191611986,195.7826062393327,34.821517648299825,179.89911505620367,-145.07759740790385,206.28109339177828
14,2004,NE,211.0,-211.0,178.75392,-57.321762,236.07567,-236.07567,179.4182394378464,-15.105242438808201,194.5234818766546,-48.098538576717345,165.33420401955385,-213.4327425962712,204.96014930154215
15,2017,NE,179.0,-179.0,211.54445,16.068798,195.47566,-195.47566,221.7801412139459,29.445468829721015,192.3346723842249,31.431323351979273,167.40309323981865,-135.9717698878394,202.66387496250212
16,2023,SF,196.0,-196.0,187.1319,-37.379227,224.51112,-224.51112,203.1324011066225,11.586379548438487,191.546021558184,-14.24460601773928,159.28775018625817,-173.53235620399744,201.83650343448022
17,2019,KC,185.0,-185.0,179.51538,-33.589165,213.10455,-213.10455,197.78314887132302,9.40293338937548,188.38021548194754,-6.123026985011914,152.25140243913947,-158.37442942415137,198.515264523382
18,2023,BAL,220.0,-220.0,73.77116,-177.94046,251.71162,-251.71162,91.30317679060173,-93.43098698520592,184.73416377580764,-153.63029788864552,78.33263072953578,-231.96292861818128,194.69020117246956
19,2025,LAR,174.0,-174.0,173.6424,-39.204548,212.84694,-212.84694,190.1277268531287,6.431117859431833,183.69660899369688,-18.903464581789933,148.59489277491576,-167.4983573567057,193.60170515225886
20,2018,KC,156.0,-156.0,260.2592,64.62192,195.63727,-195.63727,272.41874339614554,88.90867708222115,183.51006631392437,96.45767227272746,206.60311590132505,-110.14544362859759,193.4060037126503
21,2016,ATL,167.0,-167.0,241.18242,39.141666,202.04076,-202.04076,249.5720260108007,70.33136409204867,179.24066191875204,72.2866516209478,188.36064171950864,-116.07399009856083,188.9269826788297
22,2006,LAC,186.0,-186.0,169.94353,-34.5812,204.52472,-204.52472,178.23936973418162,-0.7299906116615409,178.96936034584317,-19.042043710276996,141.3569839291729,-160.3990276394499,188.64236090513648
23,2002,TB,219.0,-219.0,-22.01317,-255.64075,233.62758,-233.62758,-12.056679301814945,-190.43907884128703,178.3823995394721,-242.55573942713198,-3.802550246948604,-238.75318918018337,188.02658185156707
24,2011,GB,184.0,-184.0,231.22627,36.73691,194.48936,-194.48936,245.8032049260778,69.31900938551031,176.4841955405675,67.68194189342292,187.60336643518693,-119.92142454176401,186.03518097907303
25,2009,NO,217.0,-217.0,173.7242,-53.886513,227.61072,-227.61072,192.6521237602426,16.44686897427475,176.20525478596787,-11.104233618136906,152.0991627560762,-163.2033963742131,185.74254495975984
26,2023,DAL,178.0,-178.0,140.13023,-76.684814,216.81505,-216.81505,155.67799072679315,-20.39530838268729,176.07329910948044,-53.17454928285943,126.26456495913614,-179.43911424199555,185.6041106031579
27,2024,BUF,180.0,-180.0,227.99644,12.0292225,215.96722,-215.96722,232.6303995862733,57.1896676461568,175.4407319401165,46.04969263802744,174.88364292968026,-128.83395029165283,184.94048603292762
28,2020,TB,182.0,-182.0,147.8794,-70.160225,218.03961,-218.03961,168.36454627101685,-5.590010840618845,173.9545571116357,-37.48566944010661,134.55127791526607,-172.0369473553727,183.38134389023733
29,2012,DEN,189.0,-189.0,134.86508,-64.81383,199.67891,-199.67891,160.7325924642232,-12.952672986442938,173.68526545066612,-41.47426219612847,129.3575044448911,-170.83176664101958,183.09883070992603
30,2005,SEA,200.0,-200.0,156.89827,-47.380623,204.2789,-204.2789,165.11294801002506,-8.121958972754113,173.2349069827792,-31.242415747221624,136.56930405054348,-167.8117197977651,182.62636081395982
31,2000,LAR,66.0,-66.0,183.2241,112.13887,71.085236,-71.085236,277.12094669309556,104.02151432959363,173.09943236350193,155.77117204703782,168.3142256083811,-12.543053561343264,182.4842347436401
32,2020,GB,149.0,-149.0,217.45018,43.10046,174.34972,-174.34972,229.43205754385392,56.68764690769997,172.74441063615396,60.57714315600014,171.92871923920913,-111.351576083209,182.11178237392477
33,2022,KC,140.0,-140.0,203.25694,30.711332,172.54561,-172.54561,221.33791534252998,49.082836487669795,172.25507885486022,46.346354805838274,170.46566114283263,-124.11930633699436,181.59842567634655
34,2017,PHI,206.0,-206.0,106.148346,-128.96211,235.11046,-235.11046,121.99239612835738,-50.09531132132843,172.0877074496858,-97.01381655420182,98.22424664856383,-195.23806320276566,181.42283677099854
35,2014,NE,201.0,-201.0,144.19586,-70.23423,214.4301,-214.4301,158.62034292477654,-11.373625878747184,169.9939688035237,-34.46439487272152,122.4077753367424,-156.87217020946395,179.22630100922171
36,2009,MIN,186.0,-186.0,108.181984,-98.73748,206.91945,-206.91945,130.4500260415769,-38.438823076195824,168.88884911777274,-70.16787920829688,108.58790500939396,-178.75578421769083,178.06692282453514
37,2004,IND,179.0,-179.0,265.1971,94.24142,170.95569,-170.95569,268.4165784838966,99.57884183391099,168.83773664998563,96.87510165962627,234.26124193523034,-137.38614027560408,178.0133008676721
38,2005,IND,189.0,-189.0,165.13539,-31.067415,196.20279,-196.20279,174.21642379432546,5.910859904097892,168.30556389022757,-13.709883507034197,143.85003309897226,-157.55991660600645,177.4549998111411
39,2022,PHI,185.0,-185.0,118.69083,-90.272964,208.96379,-208.96379,141.79814214424317,-25.97041530279889,167.76855744704207,-62.58010047409746,116.44498941594395,-179.02508989004141,176.89162774991289
40,2010,NE,198.0,-198.0,206.59239,-2.4342356,209.02661,-209.02661,212.69657381084116,45.350611334947914,167.34596247589323,30.277426860976497,161.88797653684583,-131.61054967586932,176.4482844660809
41,2019,SF,192.0,-192.0,73.8644,-150.95543,224.81982,-224.81982,95.64961981749043,-67.07665291798187,162.7262727354723,-119.3719472172653,84.26604949764068,-203.63799671490597,171.6017799886723
42,2010,GB,193.0,-193.0,109.32478,-106.79934,216.12411,-216.12411,126.09558464891592,-33.62784285537768,159.7234275042936,-77.51231619754375,104.21563429919806,-181.7279504967418,168.4515028757884
43,2021,KC,140.0,-140.0,203.8407,40.470547,163.37015,-163.37015,225.96410294701326,67.12563443916441,158.8384685078489,68.99127218853721,180.96229334390804,-111.97102115537083,167.5230946969739
44,2025,NE,182.0,-182.0,96.211235,-104.92667,201.1379,-201.1379,118.20884737587593,-39.266419077834875,157.47526645371082,-80.19818716777081,100.68196621635437,-180.88015338412518,166.09296297163627
45,2015,CAR,219.0,-219.0,79.07352,-163.1477,242.22122,-242.22122,101.9881806462327,-55.36575466752359,157.3539353137563,-116.81089105275625,85.58885150720891,-202.39974255996515,165.96567478864563
46,2007,IND,184.0,-184.0,143.36006,-53.27938,196.63943,-196.63943,153.8549085850422,-1.8126908698417061,155.66759945488388,-29.140997545894603,126.63152596933779,-155.7725235152324,164.19654423017332
47,2018,NO,154.0,-154.0,149.21304,-31.353634,180.56668,-180.56668,166.60499501880216,11.726947749195201,154.87804726960695,-3.250240796152,131.7621622365239,-135.01240303267588,163.36822708852392
48,2005,PIT,176.0,-176.0,114.916985,-75.11973,190.03671,-190.03671,126.31082465060655,-28.236988052583193,154.54781270318975,-57.566946409176566,109.68761821106943,-167.254564620246,163.0217788647975
49,2002,OAK,156.0,-156.0,155.50468,-11.824774,167.32947,-167.32947,162.83045625449944,9.714703145201721,153.11575310929774,-7.6038310819415065,150.9840172861822,-158.58784836812367,161.519408873803
50,2021,TB,171.0,-171.0,103.99862,-96.72796,200.72658,-200.72658,121.81364364348724,-30.08918919271904,151.90283283620627,-67.74416925466207,97.19433665739507,-164.93850591205714,160.2469373736408
51,2012,SEA,175.0,-175.0,137.50154,-59.281353,196.78288,-196.78288,151.0965442354717,0.09437913543190746,151.0021651000398,-23.397865255022662,116.93612438292864,-140.3339896379513,159.30204919688836
52,2020,BAL,158.0,-158.0,100.48918,-92.8593,193.34848,-193.34848,115.11904635325519,-35.6522556412899,150.77130199454507,-65.08616202557693,95.92235715799212,-161.00851918356904,159.05985131406112
53,2013,SEA,235.0,-235.0,66.69732,-183.14963,249.84695,-249.84695,82.3793350200342,-66.34300317340126,148.72233819343546,-133.71300295056815,69.31510217106663,-203.02810512163478,156.9102887256391
54,2000,IND,97.0,-97.0,143.00752,27.112997,115.89452,-115.89452,205.05848208946077,58.24056960854796,146.8179124809128,78.52937785380391,121.76168933499139,-43.23231148118747,154.91236066958916
55,2022,BUF,155.0,-155.0,100.59846,-73.488045,174.0865,-174.0865,126.61132401210651,-19.798440298322024,146.40976431042853,-48.849170308454006,112.21473318442605,-161.06390349288006,154.48417348671614
56,2007,GB,163.0,-163.0,117.75591,-55.107304,172.86322,-172.86322,131.43671599211862,-14.099611284427354,145.53632727654596,-38.06184230412967,111.62078297690907,-149.68262528103872,153.56785296882342
57,2020,BUF,129.0,-129.0,184.96252,32.00612,152.9564,-152.9564,200.43997477667477,56.242155014716765,144.19781976195804,57.76746359843464,158.38841473110398,-100.62095113266933,152.1636282206254
58,2025,BUF,116.0,-116.0,182.99821,41.866043,141.13217,-141.13217,201.25731933464192,58.74234158448161,142.5149777501603,56.10397812634759,159.4284757149402,-103.3244975885926,150.39816304802147
59,2002,PHI,171.0,-171.0,34.605606,-184.43727,219.04288,-219.04288,4.794715446101385,-137.58218040248676,142.37689584858816,-154.4150481448102,43.461355446381745,-197.87640359119197,150.2533016846353
60,2015,NE,155.0,-155.0,94.61128,-82.17383,176.78511,-176.78511,107.04731998915867,-35.2522683337653,142.29958832292397,-62.70128412628141,85.92754751563653,-148.62883164191794,150.172198560763
61,2022,SF,174.0,-174.0,64.97519,-141.70236,206.67755,-206.67755,80.3072919020586,-60.404353021531456,140.71164492359006,-112.351277039511,67.57597026814435,-179.92724730765534,148.50629127538716
62,2018,LAR,144.0,-144.0,149.68689,-20.827446,170.51434,-170.51434,166.3035213096173,28.554640291360958,137.74888101825636,11.661420691883617,131.55078203149006,-119.88936133960644,145.398063377079
63,2024,TB,114.0,-114.0,151.73462,19.152,132.58261,-132.58261,167.79748465999293,34.6509778964913,133.14650676350163,34.56941575847563,137.03261788797477,-102.46320212949915,140.56972453059484
64,2004,PHI,153.0,-153.0,121.590675,-38.31481,159.90549,-159.90549,121.0582906289253,-12.012736625703916,133.07102725462923,-28.839087554416373,118.18825240748845,-147.02733996190483,140.49053917437882
65,2020,KC,108.0,-108.0,213.76799,91.22998,122.53802,-122.53802,226.89103606168803,94.049063404151,132.84197265753704,108.5191227289824,174.84495058295147,-66.32582785396907,140.2502385930075
66,2015,ARI,148.0,-148.0,90.73355,-75.777176,166.51074,-166.51074,120.38796568930701,-10.901408422127401,131.28937411143443,-44.44381055049887,101.39377462646729,-145.83758517696617,138.6214115011217
67,2006,NE,168.0,-168.0,76.69606,-103.102585,179.79865,-179.79865,93.12563528961057,-37.799453349211085,130.92508863882165,-78.88593540875034,82.92422541691762,-161.81016082566796,138.2392405603711
68,2009,GB,158.0,-158.0,102.74083,-82.225296,184.96613,-184.96613,125.12671411834143,-5.45034710833081,130.57706122667224,-44.798968412456176,99.42068761458644,-144.21965602704262,137.874125908518
69,2012,SF,139.0,-139.0,124.265335,-27.60171,151.86703,-151.86703,144.67842484359807,16.7483343035934,127.93009054000467,1.5877544712096512,109.74645029524652,-108.15869582403687,135.09719585361464
70,2021,DAL,166.0,-166.0,66.61155,-125.04297,191.65451,-191.65451,84.52755173578753,-43.08636956494761,127.61392130073514,-92.10843522097163,73.36046288043906,-165.4688981014107,134.76550352797395
71,2023,BUF,151.0,-151.0,99.733864,-66.15092,165.88478,-165.88478,119.11423306985806,-7.9905321173811625,127.10476518723922,-39.34883556906888,96.23414755938941,-135.5829831284583,134.23134917510325
72,2020,NO,147.0,-147.0,66.50526,-92.80012,159.30537,-159.30537,87.5519952180028,-39.40351207582615,126.95550729382896,-71.47049703939246,75.45167961345987,-146.92217665285233,134.07476310778102
73,2018,NE,140.0,-140.0,100.778046,-59.54869,160.32675,-160.32675,118.07976436428636,-8.739745102949477,126.81950946723585,-34.019699917129195,96.39673893377775,-130.41643885090696,133.9320881420286
74,2019,NE,188.0,-188.0,-25.107048,-242.74721,217.64015,-217.64015,-10.005915007676833,-135.0849490211958,125.07903401351896,-212.95399412966844,1.559612260617628,-214.51360639028604,132.1061598755797
75,2009,LAC,131.0,-131.0,170.39189,31.689302,138.70259,-138.70259,177.7310971292087,52.844886756212894,124.8862103729958,52.140062520922925,140.19365719534852,-88.05359467442558,131.9038690964027
76,2004,LAC,130.0,-130.0,186.95856,53.51695,133.4416,-133.4416,187.4311645120468,63.202011854650394,124.22915265739641,56.714464845446145,166.43086713360572,-109.71640228815957,131.21455155788806
77,2003,IND,139.0,-139.0,203.71248,53.353065,150.3594,-150.3594,188.63616209822325,64.41020733915327,124.22595475906998,46.58034761063207,187.82259047588983,-141.24224286525777,131.21119665108083
78,2015,SEA,140.0,-140.0,76.48859,-85.04267,161.53127,-161.53127,93.60764701982373,-29.106042130396226,122.71368915021996,-60.33644589117492,77.79614899014992,-138.13259488132485,129.62468273864332
79,2009,IND,125.0,-125.0,122.51164,-10.477413,132.98906,-132.98906,147.3661692369261,25.01108958400475,122.35507965292138,11.37540173483435,120.61042946169556,-109.2350277268612,129.24846644881507
80,2017,LAR,136.0,-136.0,65.12085,-98.68034,163.8012,-163.8012,81.85121679374083,-39.63639760421293,121.48761439795375,-75.72032683910693,71.18548123441641,-146.90580807352333,128.33841090863197
81,2010,LAC,119.0,-119.0,78.53194,-57.462997,135.99493,-135.99493,103.06106771216217,-17.971130273687585,121.03219798584976,-42.4902483816051,89.00622751387257,-131.49647589547766,127.86063473655808
82,2001,GB,106.0,-106.0,46.753654,-90.8722,137.62585,-137.62585,38.7819724170443,-82.0464656132934,120.82843803033771,-99.1723440887799,50.30412316884623,-149.47646725762613,127.64687069780345
83,2021,LAR,120.0,-120.0,59.475174,-94.43704,153.91222,-153.91222,84.54152515125205,-36.238106247008545,120.77963139826058,-72.45569050734235,77.68507202115049,-150.14076252849284,127.59566778717952
84,2003,GB,138.0,-138.0,106.366066,-39.50823,145.87428,-145.87428,105.67191757236388,-14.72158641818396,120.39350399054784,-44.571742212937515,109.16222123145265,-153.73396344439016,127.19058252919001
85,2003,KC,145.0,-145.0,192.21922,42.776882,149.44234,-149.44234,174.25876064725122,53.880088879833636,120.37867176741757,42.85142475738152,172.89679653896184,-130.04537178158031,127.17502208252584
86,2000,OAK,194.0,-194.0,109.89131,-93.6443,203.53561,-203.53561,157.86092463593005,37.714993097120896,120.14593153880915,17.162620472839457,100.96264174039243,-83.80002126755298,126.9308549147279
87,2016,DAL,112.0,-112.0,119.40819,-11.552889,130.96107,-130.96107,134.10926859598553,14.663815436397636,119.44545315958788,9.527971099935973,105.48230056075833,-95.95432946082235,126.19598487107115
88,2014,GB,137.0,-137.0,120.47965,-35.513367,155.99303,-155.99303,140.76010994350167,21.82207013439538,118.93803980910627,0.698555186250899,107.09642539834996,-106.39787021209906,125.66365884634077
89,2006,CHI,188.0,-188.0,-42.01886,-242.59752,200.57866,-200.57866,-12.320970259808684,-129.85234094683727,117.53137068702858,-209.51465281577703,16.644261031880458,-226.1589138476575,124.18792593321211
90,2005,CAR,143.0,-143.0,62.71705,-103.12866,165.84572,-165.84572,76.9934544264253,-40.17150249940206,117.16495692582735,-80.13502564783994,75.23725965434451,-155.37228530218445,123.80352221044521
91,2007,DAL,126.0,-126.0,130.036,-3.8942652,133.93027,-133.93027,144.60966436710055,27.93785897769925,116.67180538940131,15.453755522929411,123.17215089627521,-107.71839537334581,123.28615821770401
92,2014,DAL,114.0,-114.0,124.2845,-7.2578077,131.5423,-131.5423,148.75748869754375,32.85671922641065,115.9007694711331,24.777379522050964,117.02751740433258,-92.25013788228162,122.47726644355875
93,2014,BAL,116.0,-116.0,100.29045,-39.62216,139.91261,-139.91261,118.49930583248556,3.961108810224138,114.53819702226141,-12.273625476629434,97.7651873377769,-110.03881281440634,121.04779523546665
94,2013,NO,104.0,-104.0,102.44905,-15.454476,117.90353,-117.90353,122.83771642730102,8.94251213724048,113.89520429006053,-1.330100078074442,95.13767245593127,-96.46777253400572,120.3732332344114
95,2001,SF,117.0,-117.0,117.5935,-9.191658,126.78516,-126.78516,109.79797566964871,-3.9243631543737614,113.72233882402246,-31.594556176251338,116.72744508598653,-148.32200126223785,120.19188052411737
96,2008,NE,101.0,-101.0,133.08821,19.967182,113.121025,-113.121025,151.72578469604505,38.06281553599035,113.6629691600547,37.66037343810091,119.93003829319844,-82.26966485509753,120.1295959642422
97,2021,NE,129.0,-129.0,62.21402,-85.02153,147.23557,-147.23557,86.49543260728916,-26.584205579100846,113.07963818639001,-57.840320046959235,79.06231760553221,-136.90263765249145,119.51762495871328
98,2017,NO,122.0,-122.0,95.03152,-41.077484,136.109,-136.109,111.0235005370105,-1.759530112206808,112.78303064921732,-22.179430226103833,91.04904431095646,-113.2284745370603,119.20645476380543
99,2024,WAS,79.0,-79.0,196.82034,94.75931,102.06104,-102.06104,208.66857235512137,95.93379076250243,112.73478159261894,111.73318997206593,163.54723634436772,-51.8140463723018,119.15583680416438
100,2015,CIN,138.0,-138.0,49.75663,-103.69651,153.45314,-153.45314,70.34287192975381,-42.064813150871615,112.40768508062543,-77.4477001264136,61.07331623284584,-138.52101635925945,118.81268070516262
101,2001,PHI,166.0,-166.0,45.104156,-130.28653,175.39069,-175.39069,-8.077946702720222,-120.3463295122872,112.26838280956699,-131.77611831568908,46.683233710875044,-178.45935202656415,118.66653905532611
102,2005,LAC,106.0,-106.0,127.10459,13.3845625,113.720024,-113.720024,139.71026033578227,28.8511707302925,110.85908960548976,24.349688437946284,121.08569750054039,-96.7360090625941,117.18805322460462
103,2013,SF,144.0,-144.0,68.4682,-98.5218,166.98999,-166.98999,82.32343893251016,-28.18599246671565,110.5094313992258,-65.65891569265575,69.8804980801606,-135.53941377281635,116.82122771089242
104,2019,DAL,113.0,-113.0,78.20566,-47.83588,126.04154,-126.04154,97.43146205696155,-12.592029293352159,110.0234913503137,-29.930646405846815,78.13867602697543,-108.06932243282226,116.31142927092401
105,2007,PIT,122.0,-122.0,77.24365,-56.955257,134.19891,-134.19891,91.252068020303,-17.993910996484896,109.2459790167879,-40.63753909320921,81.20831414292913,-121.84585323613834,115.49574310639603
106,2022,CIN,117.0,-117.0,75.293976,-66.63743,141.9314,-141.9314,93.33237645267735,-15.91119892944955,109.24357538212692,-42.62038195328689,78.71973598504381,-121.3401179383307,115.49322145953205
107,2009,NE,123.0,-123.0,79.79516,-47.56469,127.35985,-127.35985,104.93179494762448,-2.5861347131593906,107.51792966078386,-21.673288154204272,88.59948723366392,-110.2727753878682,113.6828510267012
108,2008,LAC,87.0,-87.0,170.07297,75.14911,94.92387,-94.92387,190.63538802169376,83.30442276844599,107.33096525324777,96.51046938079843,149.69955624787903,-53.189086867080604,113.48670715359401
109,2025,JAX,135.0,-135.0,83.970795,-70.228355,154.19916,-154.19916,97.40822211651897,-9.465740559121611,106.87396267564058,-44.069969432533455,86.45609143773262,-130.52606087026606,113.00726693942096
110,2007,JAX,98.0,-98.0,120.474335,-3.2924805,123.766815,-123.766815,133.90823316220104,27.066638861046833,106.84159430115422,14.522733726609147,112.37618256877917,-97.85344884217002,112.97330936203171
111,2010,PIT,149.0,-149.0,44.801712,-114.88724,159.68895,-159.68895,65.06062862400853,-41.700568862238526,106.76119748624706,-85.01511817635718,61.388897262139736,-146.4040154384969,112.88896527285887
112,2014,SEA,156.0,-156.0,44.382164,-121.61158,165.99374,-165.99374,61.6981663263895,-44.48006944371416,106.17823577010365,-87.55205596936545,50.69985858068847,-138.25191455005395,112.27738165443402
113,2013,NE,117.0,-117.0,132.97049,9.490486,123.48,-123.48,151.10451111193453,45.5400605703219,105.56445054161262,40.86402401881877,119.10792056485673,-78.24389654603796,111.63346116946698
114,2022,DAL,135.0,-135.0,39.86663,-121.87206,161.7387,-161.7387,56.315281830759226,-49.07070208123768,105.3859839119969,-93.033986105882,55.4933843226747,-148.5273704285567,111.4462322930486
115,2008,NYG,121.0,-121.0,99.9411,-30.98436,130.92546,-130.92546,114.46903364868176,9.16888535201738,105.30014829666437,-9.33152397912497,92.4519254629227,-101.78344944204767,111.35618237251165
116,2024,GB,110.0,-110.0,83.071266,-55.295395,138.36665,-138.36665,99.68984939362002,-5.371862286046303,105.06171167966633,-34.01639823722975,85.58486102061761,-119.60125925784736,111.10603913848705
117,2006,IND,107.0,-107.0,146.17091,35.14628,111.02464,-111.02464,165.57694027750244,61.14675807845549,104.43018219904695,57.28527583847035,140.29734760291925,-83.01207176444889,110.44350320481666
118,2015,KC,141.0,-141.0,56.583313,-112.45219,169.0355,-169.0355,68.67900826842175,-35.63417789776366,104.31318616618542,-80.46342403258042,60.42840248164011,-140.89182651422053,110.32076297138903
119,2008,PHI,144.0,-144.0,10.852642,-152.13387,162.98651,-162.98651,39.041652900739386,-64.79738022326791,103.83903312400729,-119.36846300853831,46.50469782835949,-165.8731608368978,109.8233302494929
120,2017,JAX,155.0,-155.0,-4.5922313,-194.70784,190.1156,-190.1156,14.456356986361733,-88.57606024585742,103.03241723221916,-157.82788216669545,21.77546495561644,-179.6033471223119,108.97711161777504
121,2005,DEN,134.0,-134.0,109.59265,-27.804726,137.39738,-137.39738,117.86623409890805,16.251744663635904,101.61448943527216,-6.0131369847466765,99.0917465078813,-105.10488349262798,107.48956725815759
122,2012,ATL,118.0,-118.0,104.79689,-22.728535,127.52542,-127.52542,128.47673845447292,29.606444251785593,98.87029420268733,18.93601817661565,102.30392025420014,-83.36790207758449,104.61063918529662
123,2000,MIN,3.0,-3.0,123.31452,115.113205,8.201313,-8.201313,188.09870441763616,89.9556497076992,98.14305470993696,146.7080997087574,122.53918224363588,24.168917465121524,103.84769412712008
124,2023,KC,109.0,-109.0,24.157927,-108.19335,132.35129,-132.35129,47.37119330933896,-50.74606003977418,98.11725334911314,-88.03352882547294,53.21132733941838,-141.24485616489133,103.82062598666428
125,2014,DEN,117.0,-117.0,62.375492,-62.716034,125.09153,-125.09153,82.16923732317693,-15.187691598134828,97.35692892131176,-40.43716693290739,69.3146242523129,-109.75179118522028,103.022971609276
126,2012,GB,97.0,-97.0,125.04876,19.959785,105.088974,-105.088974,139.49934165613044,42.550266674970196,96.94907498116025,40.67839351262164,104.40559095238056,-63.72719743975892,102.59509310267894
127,2009,BAL,132.0,-132.0,44.129074,-101.981415,146.11049,-146.11049,64.36578230740386,-32.522238615521424,96.88802092292528,-72.26454424323846,58.535195670318515,-130.79973991355698,102.53104144916405
128,2013,LAC,58.0,-58.0,182.42561,112.313484,70.11214,-70.11214,199.76746584158556,104.62820728919476,95.1392585523908,129.58493813131702,151.33359813219852,-21.74866000088151,100.6964193998602
129,2011,PIT,92.0,-92.0,41.732613,-60.729168,102.461784,-102.461784,70.28682278871223,-23.99480041716381,94.28162320587603,-44.36766281938267,63.279972202974704,-107.64763502235738,99.7966763910388
130,2018,CHI,137.0,-137.0,-7.762568,-166.97855,159.21597,-159.21597,17.044315050033116,-75.25040251235846,92.29471756239158,-134.36507695086303,24.163872473810034,-158.52894942467304,97.71221885418736
131,2009,DAL,100.0,-100.0,46.460217,-61.91449,108.37471,-108.37471,69.8070873352706,-22.105223081542924,91.91231041681351,-42.43239988303423,58.96562742283795,-101.39802730587218,97.31103651351607
132,2011,HOU,117.0,-117.0,3.6287894,-126.566154,130.19495,-130.19495,28.923921793294326,-62.38350530223325,91.30742709552759,-105.16530822736738,31.807840224247368,-136.97314845161475,96.67645499621814
133,2019,NO,111.0,-111.0,55.34312,-74.92396,130.26707,-130.26707,61.70694303224843,-28.03637438352743,89.74331741577586,-53.480662244921774,49.3155192249753,-102.79618146989706,95.03555160399506
134,2011,SF,152.0,-152.0,21.943941,-145.74707,167.69101,-167.69101,23.521462645337742,-65.64224373638355,89.1637063817213,-111.23616000638842,24.40251981103968,-135.6386798174281,94.42748317742473
135,2008,NO,70.0,-70.0,118.118614,43.214825,74.903786,-74.903786,143.22609629683137,54.8857262553416,88.34037004148978,60.64052528340768,119.26367344243197,-58.623148159024275,93.56372316678349
136,2000,TEN,141.0,-141.0,-9.451426,-154.445,144.99359,-144.99359,60.381433688853775,-26.494938892661594,86.87637258151537,-102.73467707883245,55.69024388602702,-158.42492096485947,92.02784724364535
137,2021,GB,76.0,-76.0,107.4503,7.7695246,99.68077,-99.68077,118.25171513225817,32.28455754711858,85.96715758513957,24.598535461833613,89.95193166138182,-65.35339619954821,91.07399215846362
138,2017,PIT,95.0,-95.0,71.06337,-28.463736,99.52711,-99.52711,89.83732861871763,3.999028708232302,85.83829991048533,-12.158416653954028,77.49998650029045,-89.65840315424448,90.93880790751795
139,2003,TEN,111.0,-111.0,61.04959,-59.60003,120.64962,-120.64962,58.718902083873736,-26.56595402368424,85.28485610755799,-57.572369807634715,68.34462656103496,-125.91699636866967,90.35819145498601
140,2018,LAC,92.0,-92.0,66.07881,-39.485962,105.56477,-105.56477,84.774693740567,-0.30597069757986084,85.08066443814685,-18.634352982757875,70.37521630155233,-89.0095692843102,90.14397450630399
141,2014,IND,78.0,-78.0,33.679794,-63.304436,96.98423,-96.98423,70.88715763386514,-14.100427869608275,84.98758550347341,-35.698119400839886,72.04336271120147,-107.74148211204135,90.04632563830747
142,2020,IND,86.0,-86.0,78.843376,-35.986275,114.82965,-114.82965,94.25103038370871,10.00336483484864,84.24766554886006,-6.98807398663225,77.15989644194448,-84.14797042857673,89.27007754060928
143,2001,CHI,121.0,-121.0,-26.925325,-151.44463,124.5193,-124.5193,-55.3604958454702,-139.60039125784408,84.2398954123739,-141.3363094293733,-21.766760914914986,-119.5695485144583,89.26192591065441
144,2010,BAL,103.0,-103.0,46.734394,-69.34341,116.077805,-116.077805,64.54744760059621,-18.86862577292766,83.41607337352387,-47.00107956712947,59.70235846785115,-106.70343803498062,88.3976563548572
145,2008,PIT,148.0,-148.0,-26.57616,-185.62419,159.04803,-159.04803,-5.624172612224896,-88.497965893467,82.8737932812421,-154.12858263690552,9.659874200639742,-163.78845683754525,87.82875172209421
146,2023,MIA,86.0,-86.0,80.58482,-21.442852,102.02768,-102.02768,103.1721590298029,21.23470627410565,81.93745275569725,2.3303812403364725,92.10069615307329,-89.77031491273681,86.84643931489373
147,2007,LAC,134.0,-134.0,14.881713,-131.60413,146.48584,-146.48584,32.99623912578085,-48.844358053155105,81.84059717893597,-99.24102851421763,40.86493258294239,-140.10596109716002,86.7448283815169
148,2008,BAL,153.0,-153.0,-61.414818,-242.7185,181.3037,-181.3037,-36.256845197780926,-117.18661111275084,80.9297659149699,-202.80049803818935,-10.708120729017992,-192.09237730917135,85.78927767421484
149,2003,NE,126.0,-126.0,-35.59108,-159.92233,124.33125,-124.33125,-30.308705195987596,-110.38364444434953,80.07493924836193,-144.2279377414436,-15.803974630733547,-128.42396311071005,84.8924812441701
150,2000,DEN,98.0,-98.0,94.74074,-4.1042213,98.844955,-98.844955,163.09958768639947,83.04325173480902,80.05633595159046,96.26752529581601,98.07468271977268,-1.8071574239566766,84.8729645739685
151,2008,TEN,138.0,-138.0,-5.5841293,-150.5986,145.01448,-145.01448,9.027127097268352,-70.99838509984784,80.0255121971162,-123.73893972636426,15.55480576131664,-139.2937454876809,84.84062745341193
152,2013,CIN,108.0,-108.0,19.085926,-91.97426,111.06018,-111.06018,55.762532055524936,-24.08165390349396,79.8441859590189,-60.31739903740407,60.32383849434259,-120.64123753174665,84.65039856918168
153,2018,BAL,96.0,-96.0,-7.004013,-117.93421,110.9302,-110.9302,14.430944880198325,-65.00229559519778,79.4332404753961,-101.10180118001834,23.079084602829475,-124.18088578284781,84.219276732379
154,2020,SEA,78.0,-78.0,104.86438,20.557758,84.30662,-84.30662,119.98870867575195,41.000143923360454,78.98856475239151,40.33873426139447,103.60644840007022,-63.26771413867574,83.75276858927147
155,2025,HOU,121.0,-121.0,-27.856905,-187.97728,160.12038,-160.12038,-14.66173123777983,-93.25860559704634,78.59687435926651,-155.3123089930902,3.5954194199923766,-158.9077284130826,83.34184721777147
156,2002,ATL,94.0,-94.0,54.289436,-60.816437,115.10587,-115.10587,45.577561030486905,-32.90293195984008,78.48049299032698,-31.940307450060264,60.59092218140287,-92.53122963146313,83.2197518266639
157,2005,KC,78.0,-78.0,135.03398,55.64067,79.39331,-79.39331,147.2723725547922,69.01240982170943,78.25996273308277,70.76057489448856,125.6111504779415,-54.850575583452944,82.98839410803045
158,2013,CAR,112.0,-112.0,59.666775,-54.73861,114.40538,-114.40538,72.4948432370883,-5.420291715636113,77.91513495272442,-31.983699462323628,61.64646823603523,-93.63016769835886,82.6266361815578
159,2021,CIN,94.0,-94.0,48.248657,-61.020958,109.26962,-109.26962,69.15441746804612,-7.671034534045974,76.82545200209209,-34.07221496177597,66.932487291959,-101.00470225373498,81.48345263548829
160,2006,JAX,97.0,-97.0,-6.8939176,-118.91865,112.02473,-112.02473,7.684842886598884,-66.68147825826571,74.36632114486459,-106.27351764385355,18.724756658386216,-124.99827430223978,78.90358485653204
161,2011,BAL,116.0,-116.0,-2.1763248,-124.5997,122.42337,-122.42337,22.21350188185341,-51.54975757702904,73.76325945888244,-95.83134522987919,26.774815840037085,-122.60616106991628,78.27091441208792
162,2017,MIN,104.0,-104.0,-18.587685,-138.1078,119.52011,-119.52011,-0.21162536829861978,-73.35006628259384,73.13844091429523,-119.47940049362545,10.493918088470275,-129.97331858209571,77.61541890393418
163,2015,PIT,99.0,-99.0,26.99996,-85.782005,112.78197,-112.78197,53.4348982821329,-19.52916990341276,72.96406818554566,-52.67627317438568,51.850015418730564,-104.52628859311623,77.4324849282543
164,2001,NE,112.0,-112.0,20.498285,-96.79385,117.292145,-117.292145,-13.992059220143945,-86.94509751533306,72.95303829518912,-86.70917894766822,23.89111797076701,-110.60029691843523,77.42091349900213
165,2003,LAR,113.0,-113.0,-5.6571884,-114.18359,108.5264,-108.5264,1.4879843800393346,-71.32266719354277,72.8106515735821,-107.42705761041708,14.587508266345372,-122.01456587676246,77.27153596012674
166,2010,ATL,99.0,-99.0,74.08112,-27.979313,102.06044,-102.06044,87.96947856736669,15.560336356001535,72.40914221136515,-3.364031096040687,74.36127781676811,-77.7253089128088,76.85031353372011
167,2006,NO,69.0,-69.0,54.54148,-21.518734,76.06021,-76.06021,73.97393448665275,1.5840181874741255,72.38991629917864,-10.469188255960546,72.01689425486838,-82.48608251082892,76.83014367930782
168,2013,KC,124.0,-124.0,77.42148,-61.87113,139.2926,-139.2926,85.31313857726369,12.947896739177626,72.36524183808606,-15.446007519508655,71.72272659492609,-87.16873411443476,76.80425776642575
169,2002,PIT,45.0,-45.0,55.175323,-32.319595,87.49492,-87.49492,62.40021996896543,-9.816940573742107,72.21716054270755,-46.476188423796614,67.9039390533303,-114.38012747712693,76.64890606503485
170,2011,PHI,68.0,-68.0,28.99851,-47.455498,76.45401,-76.45401,61.77913925618914,-10.320888170492996,72.10002742668213,-28.12104545612516,60.99745285920977,-89.11849831533493,76.52602201801695
171,2018,IND,85.0,-85.0,39.40279,-56.03374,95.43654,-95.43654,65.07179051180177,-6.717247273271564,71.78903778507333,-30.320484278134863,63.03892381500542,-93.35940809314029,76.19976359479492
172,2008,IND,73.0,-73.0,108.94587,31.296192,77.64967,-77.64967,123.08828144054768,51.315128633147694,71.77315280739998,52.69406866089612,98.00130437353248,-45.307235712636356,76.1830987060809
173,2004,PIT,110.0,-110.0,36.8059,-66.83363,103.639534,-103.639534,39.076150579665025,-32.070320691287115,71.14647127095213,-61.40739370154165,50.7231884073554,-112.13058210889704,75.52564873801722
174,2025,IND,54.0,-54.0,114.455666,45.26243,69.19324,-69.19324,130.2286736909011,59.37466537432718,70.85400831657391,59.647434813576155,110.57628612333535,-50.92885130975919,75.21882661412693
175,2006,BAL,143.0,-143.0,-42.86969,-192.7604,149.89072,-149.89072,-26.700645833822456,-97.49520791181166,70.79456207798921,-164.4863796530942,-6.034481474961069,-158.45189817813312,75.15646172002052
176,2012,BAL,90.0,-90.0,108.05883,14.489738,93.569084,-93.569084,123.47817887140454,52.711277910180314,70.76690096122422,45.352942676136266,103.29005336160665,-57.93711068547039,75.12744251444948
177,2024,MIN,82.0,-82.0,11.633699,-103.21095,114.84466,-114.84466,32.4550412386725,-38.118430935023156,70.57347217369565,-79.52629253142013,39.182086846463434,-118.70837937788355,74.92451687712486
178,2018,PIT,68.0,-68.0,55.820095,-9.893591,65.713684,-65.713684,81.66872357630942,11.408385589706658,70.26033798660276,5.564114607551559,71.6625562832441,-66.09844167569256,74.59600861681967
179,2003,BAL,107.0,-107.0,-73.30032,-202.56757,129.26724,-129.26724,-80.3166702018462,-150.34171101215253,70.02504081030632,-201.07875032401103,-43.84169476158425,-157.23705556242678,74.3491589618603
180,2021,SF,68.0,-68.0,47.887993,-35.341923,83.22991,-83.22991,69.33205837109472,-0.6870990883428061,70.01915745943752,-16.51100086335693,64.03594863024364,-80.54694949360056,74.34298675378358
181,2004,KC,48.0,-48.0,213.64183,161.87128,51.77055,-51.77055,217.5538908529192,147.64336425629122,69.91052659662799,160.3374298154764,192.91036899590145,-32.57293918042505,74.22902239847534
182,2010,NO,72.0,-72.0,65.82909,-11.304226,77.13331,-77.13331,88.17590303671486,18.266081077121168,69.90982195959369,6.8877721493426485,82.04514492334151,-75.15737277399886,74.22828316559746
183,2016,PIT,73.0,-73.0,77.33144,-5.222374,82.55382,-82.55382,96.38767197152617,26.644111283719862,69.74356068780631,18.03184646242415,82.96242594084961,-64.93057947842546,74.05385889829509
184,2003,SEA,71.0,-71.0,96.99167,12.3683605,84.623314,-84.623314,93.60466702157645,24.16855556627595,69.4361114553005,10.8914217695711,97.66362627669925,-86.77220450712815,73.7313147090441
185,2020,PIT,93.0,-93.0,7.9535255,-97.15082,105.10435,-105.10435,26.461780567804297,-42.34533085024803,68.80711141805233,-78.740147917565,31.88328652929602,-110.62343444686101,73.07143240782798
186,2017,KC,75.0,-75.0,87.67065,-6.939966,94.61061,-94.61061,93.91741413545132,26.274718510953985,67.64269562449734,17.542997594598205,73.62109121685681,-56.07809362225861,71.84984683084606
187,2005,NYG,85.0,-85.0,59.84461,-29.059105,88.90372,-88.90372,74.36778828544713,7.055669169429692,67.31211911601744,-11.259688466545919,72.50736165949678,-83.76705012604269,71.50303987659206
188,2001,BAL,38.0,-38.0,-96.62515,-180.3148,83.68964,-83.68964,-102.44038773971457,-169.63546093250008,67.19507319278553,-175.66892180572628,-87.0878916049063,-88.58103020081998,71.38024730330677
189,2008,ATL,60.0,-60.0,77.221436,6.9972887,70.22415,-70.22415,93.65182225968572,26.914708069845044,66.73711418984067,22.41752132860576,77.8022910394755,-55.384769710869755,70.8998037058024
190,2005,NE,52.0,-52.0,110.83459,53.513645,57.320946,-57.320946,125.82560839368985,59.63149668560642,66.19411170808343,63.58569529751031,112.49472717966191,-48.90903188215158,70.33014121612173
191,2006,DAL,74.0,-74.0,76.587685,-7.4551187,84.0428,-84.0428,95.11294008302418,28.930934593489948,66.18200548953422,13.827097112598624,88.44466155502735,-74.61756444242874,70.3174406137653
192,2004,BUF,111.0,-111.0,-26.791988,-141.96245,115.170456,-115.170456,-24.154987583761763,-90.27713469201315,66.12214710825138,-127.84728904921322,-2.309179248998457,-125.53810980021476,70.25464334182745
193,2019,TEN,83.0,-83.0,44.890114,-50.99318,95.8833,-95.8833,64.67460201945413,-1.2013253403397286,65.87592735979385,-24.111404002488303,56.466363695331765,-80.57776769782006,69.99633484485528
194,2014,KC,72.0,-72.0,35.122047,-42.212856,77.3349,-77.3349,46.70087148543202,-18.713903987066878,65.41477547249889,-33.63915760120102,40.37195539587643,-74.01111299707745,69.51254160069321
195,2012,NYG,85.0,-85.0,115.39967,27.633097,87.76657,-87.76657,130.55385906307728,65.32195385288854,65.23190521018874,64.54311705700717,106.46090170635155,-41.91778464934437,69.32069288468178
196,2025,DET,68.0,-68.0,95.85053,21.466965,74.38357,-74.38357,105.70456286913351,40.65220179293458,65.05236107619893,35.98006194024951,86.9418174747916,-50.9617555345421,69.13233360123024
197,2021,IND,86.0,-86.0,54.415085,-43.4078,97.822876,-97.822876,69.16277822303094,4.748570142629363,64.41420808040156,-14.783367546209229,59.976256286292276,-74.7596238325015,68.46284895503368
198,2003,MIN,63.0,-63.0,57.195118,-10.799454,67.99457,-67.99457,76.80389232327771,12.727113299614615,64.0767790236631,-1.8195944099534143,63.86947303330815,-65.68906744326156,68.10885301024501
199,2002,NYJ,44.0,-44.0,111.46843,6.4014106,105.06702,-105.06702,82.80686181877336,18.98194317924015,63.82491863953321,13.53038267676289,107.84073918783822,-94.31035651107534,67.84462693707671
200,2007,SEA,101.0,-101.0,-8.208134,-125.217285,117.009155,-117.009155,8.723177781707555,-54.89533695231074,63.6185147340183,-99.6308663957042,19.932515858286585,-119.5633822539908,67.6280891372587
201,2025,DEN,90.0,-90.0,27.09972,-61.14145,88.241165,-88.241165,39.202402852613396,-23.701658322470628,62.904061175084024,-49.05013930217612,38.63469881496991,-87.68483811714603,66.87855776895516
202,2020,TEN,45.0,-45.0,171.59088,128.12808,43.462795,-43.462795,184.45554940625888,121.96325512944733,62.49229427681155,149.50958728440307,140.3455958783382,9.16399140606487,66.44657418818241
203,2016,SEA,66.0,-66.0,4.870355,-85.96064,90.83099,-90.83099,22.693682982079075,-39.65497169753032,62.348654679609396,-66.3554075228269,27.1456551968584,-93.5010627196853,66.29588226078255
204,2025,SF,35.0,-35.0,105.12492,53.470463,51.654465,-51.654465,122.15802699359409,59.93951920582837,62.21850778776574,69.8209239993679,107.90493139853197,-38.084007399164065,66.15934549544046
205,2016,GB,49.0,-49.0,140.82954,87.190765,53.638775,-53.638775,156.96688452086335,95.21023714141798,61.75664737944537,109.07652885313304,120.63124783468757,-11.554718981554522,65.67480894371558
206,2010,PHI,57.0,-57.0,94.626114,26.465733,68.16038,-68.16038,110.7005241610053,49.33318245475296,61.36734170625234,47.05931965553361,92.55502378548081,-45.4957041299472,65.2663893756866
207,2014,PIT,55.0,-55.0,102.51638,48.431557,54.084824,-54.084824,125.56964224118511,65.34016127412039,60.22948096706473,72.4535775441439,100.16848269240514,-27.71490514826124,64.07266263709448
208,2019,MIN,93.0,-93.0,6.961752,-101.69833,108.660095,-108.660095,27.61273297912597,-32.30049397333161,59.91322695245758,-69.31105885655224,30.683266997546045,-99.99432585409828,63.740881373867836
209,2024,DEN,90.0,-90.0,28.533222,-83.54735,112.08057,-112.08057,37.58394427599883,-21.775668624065844,59.359612900064676,-59.12608275481915,39.624783177694056,-98.75086593251322,63.16008631306489
210,2018,SEA,79.0,-79.0,71.19184,-15.595339,86.78718,-86.78718,82.57078761298392,23.62745961289496,58.94332800008897,10.87053710777281,66.46851465001535,-55.597977542242546,62.72336290846975
211,2012,HOU,78.0,-78.0,57.285645,-31.416382,88.70203,-88.70203,75.72595809328342,16.88001909640042,58.845938996883014,-4.521292079790307,63.05883364762872,-67.58012572741902,62.621192358798815
212,2000,PHI,114.0,-114.0,38.601547,-79.457214,118.05876,-118.05876,76.2086616566834,17.429890148414415,58.778771508268996,-21.78111709167348,67.53621986822691,-89.31733695990039,62.5507271213921
213,2024,LAC,81.0,-81.0,24.918295,-77.488525,102.40682,-102.40682,34.2991212414115,-23.945758888410687,58.24488012982219,-55.8095556282819,34.236499992464275,-90.04605562074617,61.990623066469894
214,2017,LAC,83.0,-83.0,18.186989,-76.74256,94.92955,-94.92955,33.39358966211987,-24.778137151769222,58.171726813889094,-55.59009567608675,30.93362048100435,-86.5237161570911,61.9138781132093
215,2002,KC,68.0,-68.0,195.27547,119.74497,75.5305,-75.5305,176.32691160999755,118.18225091217889,58.144660697818665,125.12575221271129,174.73708529562035,-49.61133308290905,61.885483121317606
216,2009,NYJ,112.0,-112.0,-64.67603,-192.32559,127.64955,-127.64955,-41.36541722594674,-99.44207014628253,58.076652920335775,-159.0574563617837,-13.343298816604488,-145.7141575451792,61.81413633904659
217,2002,MIA,77.0,-77.0,49.475327,-34.870335,84.34566,-84.34566,42.91255967584136,-14.867591249635533,57.78015092547689,-62.40432521206534,57.89280347040729,-120.29712868247262,61.503076868305335
218,2003,PHI,79.0,-79.0,45.353676,-34.55237,79.906044,-79.906044,41.79357026756463,-15.92596260141174,57.71953286897637,-29.240068316500523,53.25028050861531,-82.49034882511583,61.439482623074746
219,2025,GB,27.0,-27.0,128.79991,89.79657,39.003338,-39.003338,137.64217213944056,80.15422892073204,57.48794321870852,96.07813153657621,107.06975361833061,-10.991622081754402,61.19652252401789
220,2004,NYJ,72.0,-72.0,47.089066,-39.595413,86.68448,-86.68448,47.75520807994689,-9.592483196653987,57.347691276600884,-29.794314396369074,49.10113602556159,-78.89545042193066,61.04938457675652
221,2002,DEN,48.0,-48.0,72.47601,23.514778,48.96123,-48.96123,89.68021028912696,32.44241033880055,57.237799950326405,29.968128068863948,79.21042092233736,-49.242292853473415,60.93409787250935
222,2023,DET,72.0,-72.0,55.837944,-16.776709,72.61465,-72.61465,79.83755450310417,22.79544424369815,57.04211025940602,9.300185273780212,71.6243909076214,-62.324205633841196,60.72880032732357
223,2010,IND,46.0,-46.0,111.2546,64.701706,46.5529,-46.5529,127.91834904699573,71.00582750953537,56.912521537460364,79.94645726290908,106.97150129108479,-27.02504402817572,60.59284913656805
224,2024,CIN,38.0,-38.0,127.03822,79.06371,47.97451,-47.97451,142.43393540761795,85.88511437629123,56.548821031326725,95.39147535136723,115.49261684708256,-20.10114149571534,60.21129188262747
225,2023,GB,46.0,-46.0,72.28619,8.658279,63.627903,-63.627903,86.03472643586957,29.862962038558692,56.17176439731088,26.21660594445193,70.56949326273502,-44.35288731828309,59.815722749703866
226,2001,OAK,83.0,-83.0,132.73505,44.542408,88.19264,-88.19264,101.25057315771281,45.80650051955672,55.444072638156086,17.625893980359287,130.58299617575423,-112.95710219539495,59.05230322002011
227,2000,NYG,106.0,-106.0,34.839024,-77.0875,111.92652,-111.92652,86.04203380115416,30.714145512552932,55.32788828860123,-7.605775502878762,69.16596000897698,-76.77173551185575,58.930414521435964
228,2005,JAX,67.0,-67.0,6.474329,-77.02584,83.50017,-83.50017,16.701362310600587,-37.76218675111306,54.46354906171365,-64.84356728025385,21.529191782626782,-86.37275906288063,58.023638489171766
229,2024,KC,53.0,-53.0,76.79271,17.150248,59.64246,-59.64246,89.17720822469315,35.697453583664426,53.47975464102872,31.887397202618487,77.90878039848776,-46.02138319586928,56.99154232414561
230,2026,SF,48.0,-48.0,55.96794,3.1765442,52.791397,-52.791397,56.39222918431824,2.9552905092020136,53.436938675116224,2.7142866759239066,41.80591174315744,-39.09162506723353,56.946624205795835
231,2009,HOU,55.0,-55.0,46.962326,-13.006876,59.9692,-59.9692,72.27719134485064,20.277680586918382,51.99951075793225,7.513832310062838,67.25513662959752,-59.74130431953468,55.43862232081439
232,2014,PHI,74.0,-74.0,-21.31628,-103.10923,81.792946,-81.792946,15.649469962686155,-35.43617205068026,51.085642013366424,-64.16273244220747,30.475864386837905,-94.63859682904538,54.47988500052446
233,2017,ATL,46.0,-46.0,48.408516,-15.970366,64.37888,-64.37888,62.36569621258186,11.93468288264873,50.43101332993313,0.846014902279931,55.8450760728254,-54.99906117054547,53.793115753330284
234,2009,PIT,44.0,-44.0,66.50684,18.641024,47.86582,-47.86582,87.9002778567283,37.58917255981319,50.31110529691511,31.926461201516048,79.09442557025696,-47.16796436874091,53.66732054812108
235,2004,DEN,52.0,-52.0,61.644196,9.122812,52.521385,-52.521385,72.54475848427586,22.591997249008557,49.9527612352673,7.192579889231013,72.39724008238834,-65.20466019315732,53.291382726142885
236,2008,CAR,65.0,-65.0,40.031086,-28.700684,68.731766,-68.731766,62.535275852077376,13.188346691087396,49.34692916098999,-2.7660297097037505,59.795563689624274,-62.561593399328025,52.65580587455215
237,2002,TEN,29.0,-29.0,43.256096,-10.206009,53.46211,-53.46211,55.68021270942082,6.726503355074156,48.95370935434667,5.786061905610108,51.73973530280838,-45.95367339719827,52.24327999931255
238,2003,DEN,49.0,-49.0,22.579006,-27.86454,50.443542,-50.443542,34.641927309093326,-13.788875095531282,48.430802404624615,-33.41500266815901,34.330697890500794,-67.74570055865979,51.69469967996298
239,2020,LAR,72.0,-72.0,-59.025265,-158.34314,99.31788,-99.31788,-32.04484460265548,-80.46053700911698,48.4156924064615,-136.90190760147928,-10.190348408015636,-126.71155919346366,51.67884782023517
240,2002,NYG,40.0,-40.0,25.18097,-23.302212,48.48318,-48.48318,40.227388165177146,-7.684298067599567,47.91168623277672,-22.411911970504953,35.22187182441158,-57.633783794916525,51.15009625581035
241,2013,PHI,58.0,-58.0,98.15271,39.28279,58.869923,-58.869923,118.2589375796674,70.42776811698054,47.83116946268686,70.11087468671482,93.64304835310193,-23.53217366638711,51.065626321967684
242,2000,JAX,40.0,-40.0,47.977867,0.7464285,47.231434,-47.231434,99.65956652087912,51.90451776847476,47.75504875240436,60.609489516333426,75.32172555627767,-14.71223603994424,50.985768283021976
243,2011,LAC,29.0,-29.0,100.12126,72.38203,27.739237,-27.739237,125.55271558920093,78.11423252504953,47.4384830641514,90.02008191744814,107.64907677336694,-17.6289948559188,50.65366004378509
244,2015,GB,56.0,-56.0,22.924585,-50.43579,73.36038,-73.36038,42.774985927838365,-4.1164566952835075,46.89144262312187,-27.39140006974812,42.01990233602499,-69.41130240577311,50.07976134154635
245,2006,PHI,70.0,-70.0,35.40146,-39.023266,74.42473,-74.42473,54.15861885472249,8.238077587446343,45.92054126727615,-16.29873161199923,55.424099093842884,-71.72283070584211,49.06119125727061
246,2005,CIN,57.0,-57.0,133.20671,76.17276,57.033943,-57.033943,143.44593575726623,97.63078249724302,45.81515326002321,97.84796324171721,122.21979963259636,-24.371836390879153,48.950628973282676
247,2020,MIA,66.0,-66.0,17.467876,-65.74872,83.2166,-83.2166,35.26914479072337,-10.438560714743026,45.70770550546639,-36.069629236641376,37.829235323669046,-73.89886456031041,48.83790581376165
248,2021,ARI,60.0,-60.0,17.851093,-63.054184,80.90527,-80.90527,34.99692732951464,-10.416200444989313,45.413127774503955,-37.606388741227754,36.083457803394836,-73.68984654462258,48.52886508326354
249,2022,JAX,48.0,-48.0,48.1647,-10.112064,58.27676,-58.27676,70.28945595176047,25.03399579558593,45.25546015617454,12.08189164175262,66.35057653794452,-54.2686848961919,48.36345639542681
250,2021,PHI,43.0,-43.0,46.226982,-4.6586113,50.885597,-50.885597,63.038012981478076,18.3981468699182,44.63986611155989,10.884069682915364,56.50831541794068,-45.624245735025305,47.71763828617449
251,2009,PHI,72.0,-72.0,20.88348,-58.212696,79.096176,-79.096176,44.146061947974275,-0.06689890035465673,44.21296084832893,-27.365235281699974,44.62252933680361,-71.98776461850358,47.26977308614276
252,2004,GB,30.0,-30.0,145.07846,114.203735,30.87473,-30.87473,150.43159033746835,106.52362426211711,43.90796607535125,116.72637013113234,141.43369402584125,-24.7073238947089,46.94980386399152
253,2011,NYG,40.0,-40.0,104.56669,59.947037,44.619656,-44.619656,120.59303038740138,77.00141678660496,43.59161360079642,83.82416330925855,101.03265973549561,-17.208496426237055,46.617919306690155
254,2002,GB,50.0,-50.0,7.4668026,-41.816467,49.28327,-49.28327,31.08997558235656,-12.431470063896121,43.52144564625269,-31.693110743430285,24.429153316724644,-56.12226406015493,46.544306288289526
255,2005,WAS,63.0,-63.0,19.295313,-49.885685,69.181,-69.181,33.88618031902967,-9.321625108474358,43.20780542750403,-32.36982558945411,39.260801489515025,-71.63062707896913,46.215267151491936
256,2019,GB,51.0,-51.0,43.261127,-14.425095,57.686222,-57.686222,58.41551085928445,17.453622015510817,40.961888843773636,5.819122400698047,49.62663701355337,-43.80751461285532,43.85908191167024
257,2020,ARI,43.0,-43.0,23.865631,-29.752651,53.61829,-53.61829,45.44101162007995,4.674974099223929,40.76603752085602,-6.943105399915039,46.34378283813016,-53.286888238045194,43.653614798777035
258,2010,NYJ,66.0,-66.0,22.445663,-54.825172,77.270836,-77.270836,37.08265729004546,-3.4475921562015417,40.530249446247,-28.260348855341476,39.06530243647543,-67.32565129181691,43.40625014367619
259,2008,NYJ,49.0,-49.0,51.63609,-0.16099834,51.797085,-51.797085,78.34538815179064,38.84597094762385,39.499417204166804,29.47718509518789,74.67408069302445,-45.19689559783656,42.324806722706626
260,2018,HOU,72.0,-72.0,0.7810879,-85.42222,86.20331,-86.20331,10.354107481831358,-28.200917604295764,38.55502508612712,-60.80014812320342,14.950575173997136,-75.75072329720057,41.33404741078546
261,2021,TEN,62.0,-62.0,-6.0695353,-65.12481,59.05528,-59.05528,18.15522152962321,-19.376405698739898,37.5316272283631,-44.181177941309485,27.266279439132234,-71.44745738044172,40.26040338304352
262,2013,IND,35.0,-35.0,74.59069,34.59995,39.990738,-39.990738,95.18830146286263,57.67282066212048,37.51548080074215,63.670706097474515,79.90992074074269,-16.239214643268177,40.243464207870254
263,2000,GB,30.0,-30.0,48.579002,14.007603,34.5714,-34.5714,91.64354837448145,54.28384528949391,37.359703084987544,52.84664166044775,73.72665177966701,-20.880010119219257,40.08003821190361
264,2026,JAX,46.0,-46.0,29.215652,-21.500458,50.71611,-50.71611,30.404366027426402,-6.649318104123956,37.05368413155036,-15.809375847038542,23.59393657490137,-39.403312421939916,39.75899452469919
265,2015,MIN,62.0,-62.0,17.650833,-53.347282,70.998116,-70.998116,31.41778592911226,-5.507583826249586,36.92536975536185,-28.641467082852223,32.072114376162816,-60.71358145901504,39.62438024675921
266,2007,NYG,42.0,-42.0,15.075735,-37.388233,52.463966,-52.463966,39.42131313895463,2.60297568382318,36.81833745513145,-17.685925589054236,49.91149796471599,-67.59742355377023,39.51209293929022
267,2012,CIN,65.0,-65.0,6.1605787,-65.18901,71.3496,-71.3496,26.85756301247369,-9.563052572340403,36.42061558481409,-33.354227129678016,34.42745032508204,-67.78167745476006,39.09484396077315
268,2015,NYJ,73.0,-73.0,-26.004473,-103.17912,77.174644,-77.174644,-4.014721134065906,-40.16446810041009,36.14974696634419,-77.07345454414217,5.514370934747657,-82.58782547888981,38.81067639845451
269,2025,KC,34.0,-34.0,53.037926,15.549622,37.488304,-37.488304,63.32183371597313,27.460872308576562,35.860961407396566,22.715427465887036,56.406074952357386,-33.690647486470354,38.507712220534835
270,2012,WAS,38.0,-38.0,103.24674,60.4251,42.821644,-42.821644,121.43397387821183,86.02899330680924,35.404980571402575,94.37740009103851,92.14942227446106,2.2279778165774573,38.029343912827656
271,2002,IND,-5.0,5.0,6.3471413,-26.019299,32.366444,-32.366444,25.88592542429852,-9.314911108857288,35.20083653315581,-28.612038629795908,22.19017598993021,-50.80221461972612,37.815176933876145
272,2017,BAL,92.0,-92.0,-37.13265,-147.89561,110.76296,-110.76296,-21.821574785888927,-56.787211575900756,34.96563679001183,-111.88975768680068,-1.4599380434039677,-110.42981964339671,37.568429495783306
273,2026,CHI,36.0,-36.0,32.265022,-9.291127,41.55615,-41.55615,32.6196330370214,-2.271019673333458,34.890652710354864,-6.434730149847157,25.070899945694983,-31.505630095542138,37.489763893067156
274,2007,PHI,36.0,-36.0,16.114487,-21.38079,37.495285,-37.495285,31.62086265749524,-2.716241200285899,34.337103857781145,-12.857216788172273,36.437802271242624,-49.2950190594149,36.90903723322474
275,2002,CLE,21.0,-21.0,32.835434,-17.705639,50.541073,-50.541073,31.916601907141246,-2.284004779683224,34.20060668682447,1.8951416749300023,40.742659030947046,-38.84751735601704,36.76583840660076
276,2016,KC,76.0,-76.0,8.927897,-72.59995,81.52785,-81.52785,24.123539605846794,-9.989856650318593,34.11339625616539,-38.09584730471676,28.458638254187843,-66.5544855589046,36.674346170884625
277,2026,KC,38.0,-38.0,31.355934,-8.384394,39.740326,-39.740326,32.49079949885383,-1.0094494771111906,33.50024897596502,-5.663312377210595,25.287836467063272,-30.951148844273867,36.03109495580818
278,2016,IND,19.0,-19.0,63.67122,41.84542,21.825794,-21.825794,84.97903946699614,51.50459564534298,33.47444382165317,60.28293624732263,77.3358097813833,-17.052873534060673,36.00402283561397
279,2010,OAK,39.0,-39.0,41.639263,-2.1908817,43.830147,-43.830147,53.66910333422655,20.627658058590924,33.04144527563563,13.073417173242042,51.5011460499896,-38.42772887674755,35.549765188477224
280,2016,WAS,13.0,-13.0,76.20125,57.854874,18.346378,-18.346378,98.14341743239588,65.48591845145329,32.65749898094259,75.80292271906033,82.14528169523822,-6.342358976177897,35.14696813047724
281,2023,LAR,26.0,-26.0,12.808907,-22.243423,35.05233,-35.05233,32.00026656286113,0.15811860146169465,31.842147961399434,-11.174317802164921,31.173761701666276,-42.34807950383119,34.29158549897708
282,2003,SF,47.0,-47.0,17.61668,-34.373367,51.990047,-51.990047,20.80841546190397,-10.886232413513637,31.69464787541761,-29.022441108959686,26.786935333028605,-55.80937644198829,34.13684354285083
283,2024,ARI,21.0,-21.0,85.55539,66.78885,18.766535,-18.766535,99.60644500988322,67.9931368581713,31.61330815171192,77.85839823599616,84.30026989452472,-6.441871658528566,34.051510250512706
284,2003,TB,37.0,-37.0,-59.62525,-106.82785,47.2026,-47.2026,-43.36185690363514,-74.58976392050928,31.227907016874134,-101.94450442705894,-34.168954256090885,-67.77555017096806,33.647186923505146
285,2011,DET,70.0,-70.0,29.29181,-32.621365,61.91317,-61.91317,55.953227945682954,25.04280997030698,30.910417975375978,5.280481534260943,50.30163295357349,-45.021151419312545,33.31410999678305
286,2000,WAS,12.0,-12.0,-11.381778,-27.748158,16.366377,-16.366377,61.260481396798376,30.51551933772862,30.74496205906976,3.8963672960118956,50.859033668763004,-46.96266637275111,33.140530625818904
287,2025,PHI,50.0,-50.0,14.420395,-45.902905,60.3233,-60.3233,27.087541497589967,-3.346429403008285,30.433970900598254,-26.835988168024052,29.127956081420272,-55.963944249444324,32.814270611260156
288,2006,CIN,42.0,-42.0,56.71525,13.240799,43.47445,-43.47445,69.39852739803015,39.07300956131871,30.325517836711448,30.894204048125182,63.26488544525311,-32.370681397127925,32.70049278433878
289,2019,BUF,52.0,-52.0,-57.080254,-128.40729,71.32703,-71.32703,-39.848239932030694,-69.68279739812695,29.83455746609626,-108.60233971942125,-18.72098758051804,-89.88135213890321,32.185427537944136
290,2026,BUF,23.0,-23.0,44.245018,18.607403,25.637615,-25.637615,46.83689716997097,17.011413888099664,29.825483281871307,20.830834396537256,36.81350688429308,-15.98267248775582,32.17590783490212
291,2000,SF,-34.0,34.0,91.36099,138.24858,-46.88759,46.88759,143.0721881444148,113.32946530211484,29.742722842299983,177.96150413756516,84.18115495925304,93.78034917831212,32.08908407324877
292,2003,CAR,54.0,-54.0,-41.615776,-97.28298,55.667202,-55.667202,-34.233993675503264,-63.25032093992442,29.016327264421157,-86.91488898217368,-15.446615748806881,-71.4682732333668,31.32702436396649
293,2022,BAL,28.0,-28.0,10.020231,-38.208424,48.228657,-48.228657,26.581988708090226,-2.1561276682539914,28.738116376344216,-18.77247593228799,33.570442388838224,-52.34291832112621,31.03515404572173
294,2026,SEA,25.0,-25.0,13.633296,-19.568382,33.20168,-33.20168,17.489321832157124,-11.0582415171522,28.547563349309325,-17.879790255519687,16.47612506927613,-34.35591532479581,30.835245361242798
295,2004,MIN,11.0,-11.0,154.7626,142.26732,12.495295,-12.495295,166.27233128533297,137.82053778804124,28.451793497291746,146.21778619822624,147.26417777030682,-1.04639157208058,30.734773458867455
296,2000,MIA,67.0,-67.0,-39.0345,-131.3731,92.33859,-92.33859,23.35632377503294,-4.838290041545406,28.194613816578347,-48.63578823825366,33.624445579829626,-82.2602338180833,30.464966925504363
297,2006,PIT,38.0,-38.0,-8.774839,-52.900585,44.12575,-44.12575,15.362550908614203,-11.607871874518437,26.97042278313264,-36.40524073795922,32.376041700062466,-68.78128243802168,29.180671300002587
298,2007,TB,54.0,-54.0,-23.60752,-86.97133,63.363815,-63.363815,-9.343949043469603,-36.05541177507451,26.711462731604904,-67.28985327970838,3.7844565720987307,-71.07430985180712,28.908996984254106
299,2023,NO,75.0,-75.0,-64.744125,-152.3044,87.56027,-87.56027,-48.42338510073253,-74.98321010299856,26.55982500226603,-124.10569513406337,-26.191509010701708,-97.91418612336165,28.749914237256043
300,2008,GB,39.0,-39.0,58.622005,10.84165,47.780354,-47.780354,75.01635761830241,49.261038971846666,25.75531864645574,38.989965457209316,63.85085912432857,-24.860893667119257,27.905908714239477
301,2013,ARI,55.0,-55.0,-40.343735,-103.455055,63.111324,-63.111324,-4.66614302569821,-30.206289093208312,25.5401460675101,-69.60487430375733,16.556768076910668,-86.161642380668,27.680171721958136
302,2012,CHI,98.0,-98.0,-48.704407,-165.33904,116.634636,-116.634636,-30.43185557962776,-55.720693299366786,25.28883771973902,-110.06532976387031,-8.56078241755265,-101.50454734631766,27.4165247886964
303,2016,NO,15.0,-15.0,69.89569,69.65019,0.24549341,-0.24549341,98.08608037948503,73.72543159298586,24.360648786499176,87.56397446132289,85.3721296524122,2.191844808910696,26.44276419575707
304,2025,BAL,26.0,-26.0,58.17665,37.39865,20.778,-20.778,76.15562579080832,51.84002418405481,24.315601606753496,51.91525676954955,71.0256522564366,-19.11039548688705,26.395505316784785
305,2026,OAK,34.0,-34.0,-1.1562681,-44.41617,43.2599,-43.2599,1.8554553146959716,-21.136072355372136,22.99152767006811,-35.57277423128846,4.52139173094558,-40.094165962234044,25.00642279758058
306,2012,NO,7.0,-7.0,99.70396,95.759094,3.944871,-3.944871,125.3840363816532,102.62220168285855,22.761834698794658,125.70166994230527,102.24065610679648,23.461013835508787,24.76545249951796
307,2009,ATL,38.0,-38.0,4.9384456,-32.66485,37.60329,-37.60329,31.082355073452323,8.429225355595948,22.653129717856373,-3.1676771287238186,32.80564118610248,-35.973318314826294,24.65141038707384
308,2007,MIN,54.0,-54.0,-33.250423,-91.248344,57.99792,-57.99792,-12.421355810695838,-34.867854158038455,22.44649834734261,-69.04112265567511,6.319398946849129,-75.36052160252424,24.434633954317825
309,2021,LAC,15.0,-15.0,61.168327,48.080635,13.087695,-13.087695,82.32532216409999,59.88429504490416,22.44102711919583,65.79005008390614,72.13912757085342,-6.349077486947286,24.428894103115635
310,2000,NYJ,0.0,0.0,-61.822144,-74.29257,12.470427,-12.470427,40.333412679243615,17.994300114223734,22.33911256501988,-12.90728214862737,52.32913435384398,-65.23641650247136,24.32197580970621
311,2016,ARI,56.0,-56.0,-53.873104,-113.075584,59.202477,-59.202477,-25.133423172481102,-46.876115749320626,21.74269257683952,-86.35290273737357,-5.546825328631092,-80.80607740874247,23.696273153131546
312,2022,DET,26.0,-26.0,67.354904,43.963898,23.391006,-23.391006,80.62889421529357,59.16041687042101,21.468477344872557,65.25018615296361,67.47168737997521,-2.2215012270116183,23.408594667307426
313,2012,PIT,22.0,-22.0,-0.47609138,-25.595673,25.119583,-25.119583,25.82296886009683,4.891123022478572,20.931845837618255,-9.609382110005093,31.73538048979772,-41.34476259980281,22.84561595038833
314,2009,ARI,25.0,-25.0,-4.7535095,-32.010994,27.25749,-27.25749,28.822256587771527,8.396843792489086,20.425412795282444,-8.371403441163679,39.59718045780806,-47.96858389897174,22.314318364381066
315,2010,NYG,47.0,-47.0,-36.73184,-88.036514,51.304676,-51.304676,-4.253840962284597,-24.49193646109375,20.23809549880915,-58.63304890293976,17.64418135246094,-76.2772302554007,22.11780427640875
316,2013,DET,19.0,-19.0,2.2021503,-12.479895,14.682041,-14.682041,42.240624637459405,22.04206554084718,20.19855909661222,10.361326911580669,50.32836909197823,-39.96704218039756,22.076326739813275
317,2008,ARI,30.0,-30.0,61.053963,25.009144,36.044823,-36.044823,91.29507702649846,71.75182295881653,19.543254067681914,66.24724952889626,84.45088757620385,-18.203638047307596,21.388847940319327
318,2012,MIN,17.0,-17.0,30.678648,6.833268,23.845387,-23.845387,52.36282283576289,32.89656300739583,19.46625982836706,32.54961034041738,50.5720841951994,-18.022473854782028,21.308073484340362
319,2010,TB,23.0,-23.0,37.29566,8.612705,28.682953,-28.682953,54.14927160664249,35.0545725218098,19.094699084832694,27.24641964490521,49.919081665717286,-22.67266202081208,20.918270075810057
320,2000,BAL,240.0,-240.0,-44.619225,-298.67093,254.0517,-254.0517,-10.427434495525295,-28.943946454834077,18.516511959308783,-137.4068199687161,25.102185106952675,-162.50900507566877,20.3116954679715
321,2018,PHI,14.0,-14.0,25.395454,14.139077,11.256376,-11.256376,48.674395957365114,30.27780160472188,18.396594352643245,28.422264357960223,51.06401626022007,-22.641751902259852,20.185890219073617
322,2026,MIN,30.0,-30.0,-7.496916,-43.17685,35.67993,-35.67993,-7.22644641581134,-25.163341704620247,17.936895288808905,-38.90704842967726,-3.0718742239101324,-35.835174205767125,19.703621128221066
323,2011,DAL,22.0,-22.0,25.148369,-5.1131954,30.26156,-30.26156,45.30395953821991,27.72110293167302,17.58285660654689,20.680281580056835,42.96170843477211,-22.281426854715278,19.33220006854567
324,2013,GB,-14.0,14.0,82.11468,95.30856,-13.193884,13.193884,111.16471973892011,93.80098810277089,17.36373163614922,117.58625610486358,96.1643821064172,21.421873998446387,19.102316632683685
325,2000,CAR,0.0,0.0,-32.76194,-42.258286,9.496349,-9.496349,56.14387542135309,39.019684161714395,17.124191259638692,54.065971786266616,56.5896222924348,-2.523650506168181,18.851015447428626
326,2026,BAL,14.0,-14.0,27.67175,11.323788,16.347961,-16.347961,29.078378560130947,12.381290163309522,16.697088396821425,13.619424549852914,22.26715257199838,-8.647728022145467,18.402942946185433
327,2025,CHI,27.0,-27.0,87.31737,49.65456,37.66281,-37.66281,96.38969534957204,80.30803379975538,16.081661549816666,80.05525763019033,79.47799967053722,0.5772579596531151,17.75730024351029
328,2017,CAR,31.0,-31.0,-20.450611,-58.98416,38.533546,-38.533546,-0.8564330943353511,-16.86324032706695,16.006807232731596,-39.89134558584935,13.841520082506879,-53.732865668356226,17.67877077437042
329,2019,LAR,30.0,-30.0,-15.373943,-52.774822,37.40088,-37.40088,6.154112479184183,-9.365765139062034,15.519877618246223,-31.94782938604211,19.037536090304535,-50.98536547634665,17.167934183735838
330,2007,CLE,20.0,-20.0,30.512562,13.180168,17.332394,-17.332394,49.67326805546767,34.226350404467915,15.446917650999765,28.03260481481734,55.15075601923844,-27.1181512044211,17.091392072078936
331,2026,CIN,17.0,-17.0,14.145192,-6.623867,20.76906,-20.76906,15.016495857130863,0.26807616703655945,14.748419690094302,-3.3121446156245646,13.437253186928078,-16.74939780255264,16.358599680120456
332,2026,DAL,6.0,-6.0,39.64691,33.00737,6.6395407,-6.6395407,40.84705368450452,26.409890642048047,14.437163042456476,35.05524993263485,30.813765556743775,4.241484375891081,16.032061141568633
333,2003,MIA,50.0,-50.0,-66.66731,-113.029175,46.361862,-46.361862,-62.63693842976453,-76.91160711765596,14.274668687891435,-104.81580179257077,-38.903360809503674,-65.91244098306709,15.8615887373155
334,2021,SEA,29.0,-29.0,20.990486,-6.1586685,27.149153,-27.149153,32.80570327285963,18.73447155016623,14.071231722693403,13.014444837588655,30.840367530198066,-17.82592269260941,15.648163546858264
335,2000,TB,101.0,-101.0,-10.42111,-117.92027,107.49916,-107.49916,31.822112113258605,18.45583221077686,13.366279902481743,-12.907084888474605,36.400259379530326,-49.30734426800493,14.90860042790694
336,2015,DEN,82.0,-82.0,-108.79924,-189.85164,81.0524,-81.0524,-81.9678519922174,-94.69467644690916,12.726824454691757,-158.59994334678984,-39.47070246590228,-119.12924088088758,14.237749382716382
337,2004,CAR,16.0,-16.0,46.71461,12.440398,34.27421,-34.27421,49.8239095924859,37.15903669558589,12.664872896900004,22.451099550121384,54.9249962407361,-32.473896690614716,14.172756164753478
338,2017,DAL,22.0,-22.0,-5.6829243,-30.591179,24.908257,-24.908257,10.866009123657442,-1.67579229895596,12.5418014226134,-12.657234112321198,20.28164212454026,-32.93887623686146,14.04364220154673
339,2023,TB,38.0,-38.0,-12.254446,-57.14119,44.88674,-44.88674,2.4393133998374283,-9.324127445274303,11.763440845111731,-32.26575969548549,12.325020101211631,-44.59077979669712,13.227066146472424
340,2000,NO,34.0,-34.0,9.447748,-27.70803,37.155777,-37.155777,73.17163471749488,61.73313170555048,11.438503011944402,64.93730408888464,52.14945920970058,12.787844879184071,12.886174711806206
341,2014,HOU,65.0,-65.0,-64.12735,-140.71268,76.58532,-76.58532,-37.764353722290515,-48.98271772705992,11.21836400476941,-99.25418994289632,-16.65784202285713,-82.59634792003918,12.655227452601595
342,2019,PHI,23.0,-23.0,-8.087284,-31.779331,23.692049,-23.692049,11.445476575998597,0.782397055122142,10.663079520876456,-15.169355294712865,19.182837460207836,-34.35219275492071,12.072679946461603
343,2011,ATL,30.0,-30.0,11.98585,-21.882118,33.867966,-33.867966,31.52190651626957,21.401732701761556,10.120173814508021,6.857056272889055,32.18203964201124,-25.32498336912218,11.503118983589333
344,2008,TB,38.0,-38.0,-34.292984,-77.87631,43.58333,-43.58333,-9.777606137299916,-19.062996224334253,9.285390087034333,-52.19045610337665,7.521014642156967,-59.7114707455336,10.627349548800318
345,2016,CIN,10.0,-10.0,21.314964,11.206047,10.108916,-10.108916,35.78927104350928,26.776545038917938,9.01272600459134,23.427627535095702,31.82052288950137,-8.392895354405665,10.341298369902736
346,2021,DEN,13.0,-13.0,14.03892,1.5258646,12.513054,-12.513054,29.582808646830234,21.03115261899601,8.551656027834218,13.16631840665334,32.00097666709018,-18.834658260436846,9.85759105787263
347,2023,PHI,-18.0,18.0,64.4304,75.59209,-11.161692,11.161692,87.1022785975459,78.72969628906979,8.372582308476122,91.65702342508811,81.2507868953893,10.406236529698814,9.669725285186317
348,2002,NO,44.0,-44.0,38.603703,-11.825626,50.429325,-50.429325,16.973808688944803,9.034180904294535,7.939627784650268,22.28314043547611,49.506218746148036,-27.223078310671927,9.21551382161623
349,2012,CAR,-6.0,6.0,44.924713,52.27652,-7.351804,7.351804,68.60491622413926,60.78288449883254,7.82203172530672,67.44708161770771,56.08880337929389,11.35827823841382,9.092144101968742
350,2013,DAL,7.0,-7.0,75.57991,64.12776,11.452146,-11.452146,90.8461395939563,83.47934688664795,7.366792707308355,96.24683260645763,75.87098130696953,20.375851299488097,8.614554033589142
351,2010,TEN,17.0,-17.0,19.192064,5.08733,14.104733,-14.104733,38.39294335667651,31.031007132776853,7.36193622389966,24.015655200159106,42.008045537460674,-17.99239033730157,8.609459109490937
352,2000,KC,-31.0,31.0,34.073185,71.607544,-37.53435,37.53435,91.12047114427376,83.77841045008972,7.3420606941840365,119.51664576689902,65.81298282928765,53.70366293761137,8.588607743020413
353,2009,SF,49.0,-49.0,-54.960217,-110.425644,55.46543,-55.46543,-40.89988562889045,-48.15359875569864,7.253713126808174,-88.1249009742335,-18.408419911836766,-69.71648106239672,8.495922540135714
354,2011,MIA,16.0,-16.0,-28.534737,-53.114548,24.579813,-24.579813,-8.27933418245923,-15.485430398465324,7.20609621600609,-35.07600303070261,4.6144335834796335,-39.69043661418224,8.445967763003509
355,2016,BUF,21.0,-21.0,12.016426,-6.3555107,18.371943,-18.371943,27.36458117372274,20.740058761587683,6.624522412135057,13.26130633516931,23.48553447123156,-10.22422813606225,7.8358401997296
356,2022,MIA,-5.0,5.0,10.883631,2.4294825,8.454146,-8.454146,30.368460865908098,23.857536342974026,6.510924522934074,17.803447570249183,35.300824927428565,-17.497377357179374,7.716664949967791
357,2002,SF,-8.0,8.0,81.593,89.62343,-8.030422,8.030422,99.09358254087988,92.72003188893504,6.373550651944857,87.7335643926802,80.94163769252252,6.791926700157687,7.572546379622518
358,2019,LAC,-8.0,8.0,4.8440967,18.492085,-13.647995,13.647995,34.312492617143015,28.382898609323686,5.929594007819328,29.3370971518534,41.55926481081929,-12.222167658965896,7.106792620294599
359,2014,BUF,54.0,-54.0,-89.062195,-156.41568,67.353485,-67.353485,-69.37601232111392,-74.79425093060038,5.418238609486462,-124.29437537149246,-37.3938763030731,-86.90049906841935,6.57033100342821
360,2013,PIT,9.0,-9.0,7.718556,-0.32762718,8.046182,-8.046182,32.93556579786051,27.64753989513504,5.288025902725472,20.677482675022564,37.143242820856194,-16.465760145833634,6.433725191827727
361,2005,DAL,17.0,-17.0,-5.950243,-23.556755,17.606514,-17.606514,9.991831294948454,4.725316296137074,5.266514998811383,-10.289334739700786,22.25412257135354,-32.54345731105433,6.411158158543963
362,2025,DAL,-40.0,40.0,147.97552,193.33366,-45.358135,45.358135,160.52602778385744,155.30091465034224,5.225113133515215,200.46513567496197,130.47136547774582,69.99377019721616,6.3677235694685805
363,2001,TB,22.0,-22.0,-18.269623,-46.13228,27.862654,-27.862654,-34.422486223451024,-39.343648035342845,4.921161811891821,-57.27836307206842,-14.643848914787402,-42.63451415728102,6.048849029416068
364,2015,BUF,20.0,-20.0,15.534447,-2.1758118,17.710262,-17.710262,26.101432799982575,21.206289622391576,4.895143177591001,15.865244214297967,25.07361371031238,-9.20836949601442,6.02155294792132
365,2007,HOU,-5.0,5.0,32.52927,41.132088,-8.602816,8.602816,56.4706443514587,52.157343734447934,4.3133006170107695,54.833255964053166,62.660473019276466,-7.827217055223297,5.411143432683609
366,2001,MIA,37.0,-37.0,4.264084,-31.977184,36.241272,-36.241272,-22.505803970926,-26.809863923888287,4.304059952962291,-35.84777040979129,9.241954194203498,-45.08972460399478,5.40144907609223
367,2016,PHI,36.0,-36.0,-18.219168,-59.683304,41.464134,-41.464134,-4.408716484101861,-8.343038783301697,3.934322299199838,-32.33246106343826,6.684129024418458,-39.01659008785673,5.013558266294471
368,2016,TEN,3.0,-3.0,6.119562,5.765914,0.3536501,-0.3536501,25.446284489508134,21.793598334031884,3.652686155476242,19.038473027367342,29.138499823584414,-10.100026796217076,4.718094521269871
369,2026,NYJ,3.0,-3.0,4.314317,-1.3203526,5.63467,-5.63467,5.05785729803009,1.5177166427406217,3.540140655289469,0.19313694845898155,4.421682482216353,-4.228545533757371,4.600023330082541
370,2026,NO,-2.0,2.0,2.559495,4.087252,-1.5277567,1.5277567,9.7227649939566,6.35552155886009,3.367243435096512,7.2840227510143585,11.613330331126054,-4.329307580111695,4.418637306587311
371,2014,NO,-23.0,23.0,63.758827,102.058815,-38.299995,38.299995,96.73944657789467,94.05194042538639,2.6875061525082717,117.99753317791702,85.70696016352309,32.290573014393935,3.705526693400271
372,2010,KC,17.0,-17.0,10.183475,-7.2319393,17.415415,-17.415415,21.38682017317208,18.846250478393216,2.5405696947788634,9.356243146770472,23.162937420130746,-13.806694273360282,3.5513760382060005
373,2018,ATL,-9.0,9.0,73.10178,85.745094,-12.643306,12.643306,90.76282554028653,88.2825182823634,2.480307257923137,102.6179789868902,76.18933998982202,26.42863899706819,3.4881548726187592
374,2010,HOU,-37.0,37.0,115.94694,148.89616,-32.94922,32.94922,128.62108518957507,126.14192766449769,2.4791575250773814,159.91036548370172,104.09663298715591,55.8137324965458,3.486948690884081
375,2018,CAR,-6.0,6.0,49.0716,55.23261,-6.1610107,6.1610107,65.43288662701994,63.084733336889414,2.348153290130533,71.13329766577732,59.41048915073311,11.722808515044196,3.349512489124883
376,2001,KC,-24.0,24.0,45.431587,28.294249,17.137342,-17.137342,31.707698673268894,30.394195957495498,1.313502715773383,-0.8361440721443945,47.859222911975294,-48.69536698411969,2.2640632657061714
377,2020,CLE,-5.0,5.0,85.275925,87.79571,-2.519785,2.519785,103.1798648079653,101.91739966452205,1.262465143443249,115.38483399727625,85.09067062985811,30.294163367418136,2.210519881471991
378,2010,CHI,52.0,-52.0,-94.851555,-146.47975,51.628197,-51.628197,-67.49144802493964,-67.8125992423567,0.3211512174170661,-117.78340141307271,-29.815487636394227,-87.96791377667849,1.222989892776849
379,2008,BUF,-6.0,6.0,-2.0527153,-0.74295163,-1.3097649,1.3097649,25.117822871364872,24.815362270399525,0.30246060096534677,18.29074900977804,34.44000298639885,-16.149253976620813,1.2033816157260766
380,2026,DET,-2.0,2.0,30.09549,34.636604,-4.5411153,4.5411153,30.686596835336047,30.47851879164693,0.20807804368911587,38.53527681895486,23.24633617846875,15.288940640486112,1.1043651206514862
381,2012,DAL,-24.0,24.0,36.56066,64.93145,-28.370792,28.370792,65.62379629850756,65.45443302573207,0.1693632727754859,82.01187714895178,61.37347534580004,20.63840180315175,1.0637495552958658
382,2026,CAR,6.0,-6.0,2.8565488,-7.8642826,10.720829,-10.720829,3.1536101953129942,3.154131688711101,-0.0005214933981072534,-1.73881219292173,3.310026904978278,-5.048839097900004,0.8855238894681845
383,2008,MIN,34.0,-34.0,-81.53252,-112.417946,30.885422,-30.885422,-50.470759525832364,-50.40232323291445,-0.06843629291791231,-89.23167270422302,-16.67368862872033,-72.55798407550267,0.81427465013614
384,2000,PIT,66.0,-66.0,8.454334,-72.22421,80.67854,-80.67854,27.299827448666118,27.52740279783029,-0.22757534916417477,-2.5846724049479803,38.64294238673756,-41.22761479168554,0.6473222806123348
385,2004,ATL,16.0,-16.0,-5.503098,-25.35978,19.856682,-19.856682,3.261494665718704,4.192495057511322,-0.9310003917926313,-10.312065806642238,16.62159423979875,-26.93366004644099,-0.09063909995204633
386,2004,BAL,49.0,-49.0,-98.677376,-146.1466,47.46923,-47.46923,-93.92221824576366,-92.27863437922315,-1.6435838665404972,-130.13326634277783,-67.00373007200591,-63.12953627077191,-0.8382085678051455
387,2008,HOU,-28.0,28.0,32.67402,54.19035,-21.51633,21.51633,62.850355454552705,64.72559146292177,-1.8752360083690611,74.04696721994912,64.38661933268953,9.660347887259595,-1.0812342265956265
388,2022,SEA,-12.0,12.0,26.988602,34.346455,-7.35785,7.35785,44.97743358990389,47.0337520315336,-2.05631844162971,49.58832578937495,49.95025574765036,-0.36192995827540386,-1.2712073358065945
389,2003,NO,14.0,-14.0,-13.415774,-21.813189,8.397414,-8.397414,-6.008440839762477,-3.9339543955800695,-2.0744864441824054,-15.969744826570153,5.0819466341098005,-21.051691460679944,-1.290267339976742
390,2008,MIA,10.0,-10.0,49.24395,47.261448,1.9825001,-1.9825001,64.6586759901306,66.96520077472775,-2.3065247845971406,70.95218882966584,56.1716575018564,14.780531327809447,-1.533698158698348
391,2026,LAR,-2.0,2.0,-9.118149,-6.895444,-2.2227035,2.2227035,-3.4599187511019798,-1.00214845587509,-2.457770295226892,-4.664898203409244,0.9697057059096306,-5.634603909318876,-1.6923694300699719
392,2023,HOU,31.0,-31.0,-30.480076,-63.57494,33.094864,-33.094864,-20.19729031767678,-17.456107318295068,-2.7411829993817243,-42.5629866253887,-6.384277060543004,-36.178709564845704,-1.9896969600169756
393,2019,TB,9.0,-9.0,-40.86593,-53.11999,12.25406,-12.25406,-4.636092093472499,-1.8052857000795282,-2.830806393392976,-27.77027807971863,20.745502575314326,-48.515780655032955,-2.0837206293027197
394,2006,NYJ,0.0,0.0,6.9657784,1.897028,5.0687504,-5.0687504,23.489029391625014,26.50909846045695,-3.0200690688319316,17.69071679590777,32.09558351861993,-14.404866722712166,-2.2822756092823164
395,2016,BAL,22.0,-22.0,-49.85089,-82.01875,32.167862,-32.167862,-35.973229672904054,-32.64393903708229,-3.3292906358217564,-59.86369406380353,-13.100430909483244,-46.763263154320285,-2.606679150025495
396,2019,SEA,10.0,-10.0,10.7185135,-3.2264004,13.944911,-13.944911,31.626508465053124,35.70778575597047,-4.081277290917344,27.411589615015,33.87297346960305,-6.461383854588055,-3.3955863917789615
397,2011,TEN,8.0,-8.0,-9.879911,-18.354683,8.474768,-8.474768,7.519073719988887,12.043606496325143,-4.524532776336257,2.547987295404986,19.336876932813862,-16.788889637408875,-3.860604567333526
398,2002,WAS,-58.0,58.0,-93.72183,-56.140423,-37.58141,37.58141,-42.81313136001451,-37.928554207598744,-4.88457715241576,-73.61718674528034,-61.51202115125494,-12.105165594025395,-4.2383261847545475
399,2014,MIA,15.0,-15.0,-12.169394,-23.021832,10.852438,-10.852438,11.89576320133547,16.99511741388654,-5.099354212551072,4.675860958146426,19.54033660624404,-14.86447564809761,-4.46364823928187
400,2021,BAL,-5.0,5.0,7.923355,21.720516,-13.797159,13.797159,28.95230762467209,34.1486237283236,-5.196316103651503,37.68270673986642,38.04964053530623,-0.36693379543980953,-4.56537070675507
401,2012,TB,-5.0,5.0,18.775623,16.588276,2.1873436,-2.1873436,39.01212590749139,44.29411229649935,-5.281986389007966,45.42914743186746,39.800690804342665,5.628456627524789,-4.655247180044625
402,2002,NE,35.0,-35.0,42.978096,5.664185,37.31391,-37.31391,16.448560974213216,21.920076171604173,-5.471515197390964,38.41717291472511,48.88650131837434,-10.46932840364924,-4.854081359402829
403,2016,OAK,18.0,-18.0,4.333708,-11.849325,16.183033,-16.183033,17.589694259516023,23.37745013541544,-5.787755875899416,15.497951268638037,21.505963023548667,-6.008011754910626,-5.185848631763048
404,2024,PIT,19.0,-19.0,13.748587,-16.558863,30.30745,-30.30745,17.50129365671196,23.326259399978134,-5.8249657432661754,8.042427606095933,24.648592167803006,-16.60616456170707,-5.224885406726283
405,2009,NYG,-25.0,25.0,50.941734,74.85864,-23.916904,23.916904,76.9128780036073,82.80368430428797,-5.890806300680673,96.52013190841919,68.71907077179301,27.801061136626174,-5.293958564066794
406,2001,NYJ,-1.0,1.0,0.19403458,-6.650221,6.8442554,-6.8442554,-7.75162028195939,-0.9889602014943719,-6.76266008046502,-8.251034946300706,3.3570289554747816,-11.60806390177549,-6.208618094207757
407,2025,LAC,15.0,-15.0,-34.75793,-50.393272,15.635339,-15.635339,-16.34067861441411,-9.275470867220136,-7.06520774719397,-35.84509073709508,4.578302066706113,-40.42339280380118,-6.526020063565502
408,2008,CHI,25.0,-25.0,-50.01761,-72.2355,22.217888,-22.217888,-27.145383444032678,-19.258409965049385,-7.88697347898329,-49.69074509145125,-4.441871837182378,-45.24887325426887,-7.388132352979766
409,2005,ATL,10.0,-10.0,-0.6832533,-4.2148857,3.5316353,-3.5316353,13.079598147346083,21.001170988629568,-7.921572841283492,9.976357405109528,22.352886169492244,-12.37652876438272,-7.424430453875202
410,2011,CAR,-23.0,23.0,69.51438,100.520096,-31.005709,31.005709,93.10924401593122,101.22200651886554,-8.112762502934311,122.90253414217838,77.37353403389106,45.52900010828732,-7.625007030071962
411,2014,LAC,0.0,0.0,-5.9204254,1.1831656,-7.1035943,7.1035943,15.685468579742967,23.835169208833097,-8.14970062909013,20.528987176186742,21.607340581501063,-1.0783534053143269,-7.6637587220383905
412,2018,TEN,7.0,-7.0,-27.977728,-28.158104,0.18037605,-0.18037605,-12.50320232396452,-4.115347688368106,-8.387854635596414,-17.518442844696168,3.826327999230431,-21.344770843926597,-7.913605470131983
413,2024,SEA,7.0,-7.0,-13.378012,-14.45673,1.0787201,-1.0787201,4.8403859738762804,13.510602132501377,-8.670216158625102,-0.4267329154188513,19.967173669635404,-20.393906585054257,-8.209830208696731
414,2011,NYJ,14.0,-14.0,-60.142277,-69.1797,9.037424,-9.037424,-29.092969563221644,-20.232613626676294,-8.860355936545346,-48.44093501205484,-1.8973438736887132,-46.543591138366125,-8.409305354605548
415,2020,SF,-14.0,14.0,-14.0608225,4.680057,-18.740883,18.740883,14.408092498153339,23.533716824653922,-9.125624326500581,14.717727083350736,27.510962256880052,-12.793235173529315,-8.687597731771959
416,2005,MIA,1.0,-1.0,10.546525,9.596153,0.9503708,-0.9503708,22.025595696812665,31.392083091655646,-9.366487394842984,23.966623546643795,27.88661669575782,-3.919993149114026,-8.940286549583663
417,2002,BUF,-18.0,18.0,42.980682,60.401394,-17.420713,17.420713,52.904110623521426,62.33157938887768,-9.427468765356247,39.35946588027781,56.058737477811746,-16.699271597533944,-9.004261946598984
418,2026,IND,-19.0,19.0,7.251902,26.546015,-19.294113,19.294113,11.461331768467092,20.961709752015313,-9.50037798354822,27.2513139484477,13.183729107013358,14.067584841434343,-9.080750817554971
419,2008,DAL,-3.0,3.0,-16.469997,0.79830503,-17.268303,17.268303,16.2899930559532,25.90225838141449,-9.612265325461298,20.717521372465328,32.17357637620536,-11.456055003740033,-9.198131536611154
420,2026,PHI,-14.0,14.0,-2.490736,14.651602,-17.142338,17.142338,0.6873309339921665,10.614224239412142,-9.926893305419977,14.130794568897215,4.453867685322525,9.67692688357469,-9.528206931122133
421,2014,DET,35.0,-35.0,-76.39811,-109.83528,33.43717,-33.43717,-50.736801144931576,-40.391631587971105,-10.345169556960476,-79.22289111855842,-30.432658271999827,-48.790232846558595,-9.967019457458587
422,2023,JAX,6.0,-6.0,-42.421303,-53.740013,11.318708,-11.318708,-19.410213037673756,-9.00411395434412,-10.406099083329641,-34.36722809195369,3.1606573034574303,-37.527885395411126,-10.030940464917334
423,2005,CHI,50.0,-50.0,-130.8664,-178.16559,47.299187,-47.299187,-119.76432891200247,-109.19972757223096,-10.56460133977152,-162.49127791881762,-82.65477296352375,-79.83650495529386,-10.197224769424531
424,2014,CIN,5.0,-5.0,-32.127377,-34.942924,2.815548,-2.815548,-3.0901515639524817,7.492604763701396,-10.582756327653883,-7.5424699322331925,14.56379506168106,-22.10626499391426,-10.21627111993792
425,2006,DEN,14.0,-14.0,-52.580944,-67.95366,15.372717,-15.372717,-33.34815676862435,-22.764127544132393,-10.58402922449195,-50.47335143773193,-8.284178535830627,-42.1891729019013,-10.217606512696225
426,2020,OAK,-44.0,44.0,64.34003,117.03958,-52.699554,52.699554,91.45259984994469,102.31651153192671,-10.863911681982009,131.78555222523354,83.18945421656672,48.596098008666814,-10.511230470059667
427,2000,DAL,-67.0,67.0,-40.8685,38.97125,-79.83975,79.83975,49.96791438706403,61.69764699379448,-11.729732606730451,86.84472208120118,54.46172908761946,32.382992993581716,-11.419560947691489
428,2016,DEN,36.0,-36.0,-87.62563,-127.243256,39.617622,-39.617622,-68.8868836257672,-57.03608216319543,-11.850801462571765,-102.6354056218816,-39.7974223382367,-62.83798328364492,-11.546573969101924
429,2020,ATL,-18.0,18.0,35.2702,44.691902,-9.421704,9.421704,50.19891565654727,62.26556583762312,-12.06665018107585,67.71150982438687,45.8614015447639,21.85010827962296,-11.773020297633424
430,2018,DAL,9.0,-9.0,-24.906832,-31.364279,6.457449,-6.457449,-4.903486727778743,7.303866185454142,-12.207352913232896,-8.358980027191173,4.6547114488488,-13.013691476039984,-11.920631167561803
431,2018,GB,-24.0,24.0,12.088858,36.00644,-23.917583,23.917583,26.225975356276635,39.896165283538124,-13.670189927261486,45.713370144834784,23.96766557720421,21.74570456763057,-13.455289669879878
432,2007,WAS,3.0,-3.0,-60.9755,-66.9757,6.0002003,-6.0002003,-37.86250135274073,-23.9924522810356,-13.870049071705127,-49.79222557816733,-11.952001584146082,-37.84022399402126,-13.664961377900015
433,2013,CHI,-33.0,33.0,77.89374,113.12404,-35.230305,35.230305,109.0248280588638,123.26044182119186,-14.235613762328061,145.6366989460465,92.34706027350671,53.28963867253978,-14.048474342934135
434,2026,NYG,-9.0,9.0,-4.178092,7.693097,-11.87119,11.87119,-3.6604573559370372,10.730699230759438,-14.391156586696477,12.447997181598302,-0.8809219792148912,13.328919160813191,-14.211653914959163
435,2026,ARI,-18.0,18.0,6.4679623,22.404222,-15.936262,15.936262,5.34526219250713,19.73859200574386,-14.39332981323673,24.993355669893788,3.8250197137082793,21.16833595618551,-14.213933841263652
436,2021,MIN,-1.0,1.0,-7.3172317,-17.897694,10.580463,-10.580463,5.510877360616327,19.925622681132396,-14.414745320516067,4.956719033506822,11.048388040256775,-6.0916690067499495,-14.2364007941863
437,2026,CLE,-17.0,17.0,-6.162157,11.880702,-18.042858,18.042858,-4.046200801094505,10.377317507308243,-14.423518308402747,11.237700439009377,-0.052976454026921305,11.290676893036299,-14.245604512934126
438,2017,SEA,34.0,-34.0,-53.724968,-81.50174,27.776775,-27.776775,-38.653731603745705,-23.878925761591805,-14.7748058421539,-55.768516142089005,-18.36581592700368,-37.402700215085325,-14.614139349870523
439,2017,DET,34.0,-34.0,-76.47391,-117.10229,40.62838,-40.62838,-53.474522506851024,-38.591935335727044,-14.882587171123978,-80.77826800694567,-25.032034567411714,-55.74623343953394,-14.727212461439903
440,2009,CIN,4.0,-4.0,-56.538605,-59.787636,3.249031,-3.249031,-29.776397225157737,-14.845128769993309,-14.931268455164423,-37.59310184003944,-10.385259315661342,-27.2078425243781,-14.778283869764937
441,2016,MIN,20.0,-20.0,-72.08241,-103.22324,31.140837,-31.140837,-59.25193562218781,-44.24697380604827,-15.004961816139541,-79.66907797364689,-36.88355309941179,-42.785524874235094,-14.855595382872885
442,2006,KC,1.0,-1.0,-13.218334,-14.640549,1.4222126,-1.4222126,4.362363057484458,19.440749824884556,-15.078386767400099,4.567206052726259,17.62913981861349,-13.061933765887233,-14.9326253080482
443,2015,ATL,-6.0,6.0,-21.82208,-12.237744,-9.584338,9.584338,8.431830668581703,23.54043440422158,-15.108603735639878,14.152955571164586,21.62654913805087,-7.473593566886284,-14.964325850746217
444,2019,ATL,-18.0,18.0,-12.499883,5.5349846,-18.034866,18.034866,9.908751047516695,25.11324043737967,-15.204489389862973,22.068339099837992,20.24742855144214,1.8209105483958474,-15.064919240913829
445,2001,CIN,-83.0,83.0,-115.12181,-90.0413,-25.08051,25.08051,-98.37477224093277,-83.00856214608628,-15.366210094846485,-110.63082059266408,-106.75494086554212,-3.875879727121946,-15.234580011405498
446,2007,CIN,-5.0,5.0,24.358978,24.66038,-0.30140114,0.30140114,42.35935757652865,57.75427864310914,-15.394921066580487,50.16426312810549,47.836879003771166,2.3273841243343156,-15.264700617090785
447,2026,NE,-15.0,15.0,-26.679634,-12.728353,-13.951281,13.951281,-19.810672490459893,-4.38603760154453,-15.424634888915365,-9.069995504571757,-9.91597263053645,0.8459771259646942,-15.29587331073012
448,2005,TB,19.0,-19.0,-70.95007,-83.0428,12.09273,-12.09273,-54.30038127004819,-38.81385349446831,-15.486527775579884,-67.8253955811951,-26.011962409161736,-41.81343317203337,-15.360804976966214
449,2022,GB,-1.0,1.0,-7.228573,-2.1013598,-5.127216,5.127216,11.59359412200309,27.092006422029602,-15.498412300026512,17.887075453749297,20.322094414434098,-2.4350189606848005,-15.373273000616912
450,2026,DEN,-10.0,10.0,-10.992415,2.8550875,-13.847504,13.847504,-8.450068404416665,7.754461988057101,-16.204530392473764,5.942556319431597,-3.486115281156315,9.428671600587911,-16.114059652733726
451,2001,LAC,11.0,-11.0,27.781734,10.455156,17.32658,-17.32658,-2.403285631363678,13.917994123495411,-16.321279754859088,-13.667090708300236,30.147904190589234,-43.814994898889466,-16.236541104807067
452,2026,WAS,-17.0,17.0,1.7702965,19.360708,-17.590412,17.590412,2.864116769866812,19.196453449642576,-16.332336679775764,21.894579997431986,2.903323881133956,18.991256116298032,-16.24814089594589
453,2015,WAS,-8.0,8.0,7.97991,18.32315,-10.343241,10.343241,29.600727004535905,46.33474899168902,-16.734021987153113,44.9525764650393,33.358612166996814,11.593964298042486,-16.669547905962148
454,2002,MIN,-52.0,52.0,40.46781,98.8525,-58.38469,58.38469,81.09978604873609,98.00688880439655,-16.907102755660468,100.54876363725565,53.55635976533421,46.99240387192144,-16.851126489516066
455,2013,TEN,-19.0,19.0,14.516606,40.768055,-26.25145,26.25145,37.23634676304999,54.90119583120923,-17.66484906815924,58.548925213961226,39.22116931558473,19.32775589837649,-17.646076172853572
456,2012,IND,-45.0,45.0,20.903732,70.111664,-49.207935,49.207935,54.74581073175244,72.54645554108878,-17.800644809336333,91.28003503030807,53.70276267159915,37.577272358708925,-17.78853913132226
457,2026,ATL,-17.0,17.0,-37.86513,-18.46287,-19.40226,19.40226,-28.77088926711489,-10.76570308415056,-18.00518618296433,-16.673086225756364,-14.730986364542648,-1.9420998612137197,-18.00312295378759
458,2004,TB,-3.0,3.0,-62.270737,-59.910965,-2.359768,2.359768,-47.88906762927047,-29.84035621211424,-18.048711417156227,-54.6905683750857,-24.92825972592353,-29.76230864916217,-18.048785163642414
459,2024,LAR,-7.0,7.0,23.239786,35.123657,-11.883868,11.883868,35.986433447310944,54.04971194094797,-18.063278493637032,53.555269967955,36.134544252546185,17.420725715408814,-18.064067445647037
460,2009,MIA,-30.0,30.0,38.130795,75.08878,-36.95799,36.95799,59.91083536904233,78.19613274845695,-18.285297379414608,89.46660009938039,61.593114785679695,27.873485313700698,-18.29698688059858
461,2003,DAL,10.0,-10.0,-86.636765,-90.23728,3.6005154,-3.6005154,-82.30522765043177,-63.84940741643367,-18.45582023399811,-94.43310904696547,-57.18161409830614,-37.25149494865933,-18.475881963315572
462,2016,LAC,-13.0,13.0,-26.614868,-18.30727,-8.307596,8.307596,5.404611263529807,24.08230377609317,-18.677692512563365,7.691295035606364,20.93355668921339,-13.242261653607029,-18.70864759302242
463,2026,PIT,-7.0,7.0,-22.94578,-11.151619,-11.794161,11.794161,-20.33073083332524,-1.0762937824217538,-19.254437050903483,-6.38108583679108,-12.500597119627322,6.119511282836243,-19.31370878640283
464,2011,CIN,0.0,0.0,-58.27249,-61.574932,3.3024406,-3.3024406,-38.236990307033075,-18.560673033765134,-19.676317273267934,-38.177191642435794,-16.48595669364749,-21.691234948788306,-19.756302229146268
465,2024,MIA,-19.0,19.0,-20.58368,-3.3957262,-17.187958,17.187958,-3.6101319824672924,16.519953394921583,-20.130085377388873,6.687316596927056,12.582319352694727,-5.895002755767672,-20.23234916560719
466,2012,LAC,0.0,0.0,-17.516628,-22.239191,4.7225685,-4.7225685,2.569713253179568,22.937921141312003,-20.36820788813243,11.141650507128247,17.066772613771,-5.925122106642753,-20.48216287157812
467,2025,MIN,11.0,-11.0,-90.50892,-100.21823,9.709311,-9.709311,-67.72919373861431,-47.21153666934975,-20.517657069264562,-82.82867859846954,-28.11050346907877,-54.71817512939076,-20.638949618351273
468,2016,DET,-32.0,32.0,33.285862,75.712326,-42.426468,42.426468,46.75347509733548,67.33482121185385,-20.581346114518375,86.86849910667198,42.68655516965302,44.18194393701896,-20.705765629886358
469,2022,OAK,-23.0,23.0,-1.5431881,21.915142,-23.458332,23.458332,15.369535462492678,36.1709071486598,-20.80137168616712,39.8264376207308,25.763498205796605,14.062939414934196,-20.93659388417576
470,2009,DEN,2.0,-2.0,-38.78459,-41.697212,2.9126225,-2.9126225,-16.11281370420372,4.766390356173819,-20.879204060377546,-15.685954398266563,0.1976308458627105,-15.883585244129279,-21.01824762529124
471,2021,NO,29.0,-29.0,-120.9092,-153.64311,32.733902,-32.733902,-100.76346462013045,-79.86056174252874,-20.90290287760169,-128.88049183158986,-62.62228511926938,-66.25820671232047,-21.04310999273145
472,2008,DEN,-78.0,78.0,103.64917,188.02953,-84.380356,84.380356,128.69507307968485,150.49603744679993,-21.800964367115093,200.61772155782853,107.53476223219293,93.08295932563561,-21.985263962906586
473,2015,NYG,-22.0,22.0,44.0832,66.89014,-22.80694,22.80694,65.36633029037068,87.33701433326368,-21.970684042893012,97.7892174637459,61.49035265182696,36.29886481191893,-22.163316432830047
474,2012,MIA,-29.0,29.0,-28.6238,3.553893,-32.17769,32.17769,-2.615732856636935,19.490522794470053,-22.106255651106984,17.881542812398664,12.269324371295227,5.612218441103433,-22.305544253990746
475,2026,TB,-17.0,17.0,-28.494366,-6.2105513,-22.283815,22.283815,-23.450550666860117,-1.2002717605280884,-22.250278906332028,-5.703999687496875,-12.631520944394175,6.9275212568973,-22.45663867602341
476,2022,LAC,6.0,-6.0,-22.96279,-23.852625,0.88983774,-0.88983774,-6.829758084686022,15.495074314515318,-22.32483239920134,0.4170532852668951,4.209147743166583,-3.792094457899691,-22.534852551261846
477,2004,SEA,-9.0,9.0,46.20942,59.499546,-13.290132,13.290132,52.76480805922664,75.13794269008002,-22.373134630853382,65.99211688031498,55.642113537632206,10.350003342682777,-22.585526296713226
478,2004,CIN,2.0,-2.0,-41.461845,-42.667862,1.2060108,-1.2060108,-33.24788412407914,-10.680041562412317,-22.567842561666822,-32.53029533887398,-9.515916857144505,-23.01437848172947,-22.789793879927227
479,2009,CAR,7.0,-7.0,-61.10854,-69.26077,8.152238,-8.152238,-35.54890538034148,-12.673927878871162,-22.87497750147032,-41.621331245010495,-11.036507982016069,-30.58482326299443,-23.112008345522625
480,2019,HOU,-24.0,24.0,29.459085,55.33669,-25.87761,25.87761,49.34345232844357,72.39286084563119,-23.049408517187615,80.02520353694285,48.36856753664436,31.656636000298487,-23.29500346990857
481,2024,HOU,11.0,-11.0,-28.414019,-44.74239,16.328371,-16.328371,-16.246648152749074,6.813888686117491,-23.060536838866568,-23.552565593834814,2.0435059125151844,-25.59607150635,-23.306678163204786
482,2019,IND,-12.0,12.0,-35.395386,-19.04314,-16.352245,16.352245,-12.829303405584163,10.341577383737091,-23.170880789321252,-1.512675639523641,0.823091950374323,-2.3357675898979657,-23.422439714300822
483,2022,ATL,-21.0,21.0,-2.971013,26.669651,-29.640665,29.640665,12.907595527017856,36.42481332482178,-23.517217797803916,40.62141538672975,19.545974425649177,21.075440961080577,-23.78578096806878
484,2003,NYJ,-16.0,16.0,10.854128,22.511646,-11.6575165,11.6575165,7.456067465661873,31.288592948185624,-23.83252548252375,26.480355380110105,20.640333162590434,5.840022217519671,-24.116569439074794
485,2022,CLE,-20.0,20.0,-7.326314,12.428179,-19.754486,19.754486,7.265846022757801,31.52204202232812,-24.256195999570316,28.878675277809798,14.410347214877536,14.468328062932267,-24.56104107530747
486,2006,LAR,-14.0,14.0,27.624123,41.873913,-14.249792,14.249792,40.065394835995434,64.77894735229093,-24.713552516295493,63.104543379280166,39.805860282041365,23.2986830972388,-25.040852606087586
487,2007,NO,-9.0,9.0,-7.5908985,18.99591,-26.586807,26.586807,12.352887888602208,37.529374552006395,-25.176486663404187,33.69714331111023,25.559300152761296,8.137843158348938,-25.52651561437939
488,2022,NE,17.0,-17.0,-95.810425,-125.83183,30.021406,-30.021406,-78.33450721722973,-52.894614237107895,-25.439892980121837,-99.07371513269734,-46.53769631683823,-52.53601881585911,-25.802854495360922
489,2020,CHI,-10.0,10.0,-36.889732,-19.819427,-17.070305,17.070305,-19.751035457432447,5.774160239669566,-25.525195697102017,-2.820321428609555,-1.1862017271583198,-1.6341197014512314,-25.892345353624037
490,2008,SF,-42.0,42.0,-30.945114,16.8386,-47.78371,47.78371,5.246045681681819,30.80634349859073,-25.560297816908914,30.466422449436703,26.02325810054426,4.443164348892444,-25.92917089611061
491,2020,NE,-27.0,27.0,11.48693,40.400806,-28.913868,28.913868,28.412243670868076,54.12013923357155,-25.70789556270347,60.85135502819156,35.071424716256445,25.779930311935118,-26.08401530689209
492,2007,TEN,-7.0,7.0,-65.64795,-65.621216,-0.026732445,0.026732445,-48.211870793479434,-21.88091389489994,-26.33095689857948,-49.02475010365182,-22.6705963956405,-26.354153708011324,-26.737667331962523
493,2026,TEN,-22.0,22.0,-20.136774,9.3132515,-29.450026,29.450026,-16.686655880944727,9.7161283039488,-26.402784184893527,9.637771440743787,-10.99925170409048,20.637023144834266,-26.813021151002637
494,2024,SF,-47.0,47.0,31.746765,85.7202,-53.973442,53.973442,56.620363615695176,83.09299394704705,-26.472630331351876,95.4401913594109,56.124032347465096,39.3161590119458,-26.88629656137885
495,2022,NO,-15.0,15.0,-74.0555,-53.16838,-20.887114,20.887114,-50.87110232067764,-24.068326928036154,-26.80277539264149,-43.526441640669745,-23.103243286343364,-20.42319835432638,-27.232650885508992
496,2022,NYG,-30.0,30.0,43.482227,85.177925,-41.695694,41.695694,52.306619015598265,79.66832557397079,-27.36170655837253,96.42175744696702,45.616920862107975,50.80483658485904,-27.819024116069677
497,2006,NYG,-10.0,10.0,-29.932013,-25.401293,-4.5307198,4.5307198,-14.414488936055193,12.980436440539155,-27.394925376594347,-5.617030303566414,3.0242457399933027,-8.641276043559712,-27.853873891767297
498,2023,MIN,-18.0,18.0,-66.41225,-45.830917,-20.581327,20.581327,-35.33969877462921,-7.395269623754214,-27.944429150874996,-26.579029536434643,-8.188704533394564,-18.390325003040072,-28.43035687050548
499,2024,ATL,-34.0,34.0,16.097034,61.290733,-45.1937,45.1937,38.21220600830108,67.52587850623496,-29.31367249793388,74.19772615213513,42.613316108906545,31.584410043228587,-29.866826500515337
500,2014,NYG,-20.0,20.0,-39.807,-15.793776,-24.013226,24.013226,-8.152437187139613,21.377987603501968,-29.530424790641586,11.328743339367222,7.337468656102025,3.9912746832651935,-30.09422076639103
501,2002,SEA,-14.0,14.0,65.42028,82.41295,-16.992676,16.992676,58.06785031190359,87.67827054108469,-29.6104202291811,82.9645742662886,70.7824100811133,12.182164185175285,-30.178143772661723
502,2007,ARI,5.0,-5.0,-71.43489,-73.04047,1.6055775,-1.6055775,-46.970602284832765,-17.35992567006031,-29.61067661477246,-49.258006055948286,-15.39842999443747,-33.859576061510815,-30.178412746118013
503,2011,CHI,12.0,-12.0,-83.2392,-88.75142,5.5122185,-5.5122185,-61.41086014346437,-31.670284132937343,-29.74057601052703,-62.80710660701256,-26.17643738375799,-36.630669223254564,-30.314689863957497
504,2026,GB,-35.0,35.0,-13.046073,24.439215,-37.485287,37.485287,-9.57673601767663,20.174575225778998,-29.751311243455632,25.52333138966495,-3.449344163303713,28.972675552968663,-30.32595216886929
505,2002,LAR,-53.0,53.0,-86.323296,-24.030167,-62.293133,62.293133,-37.57293459612454,-7.671121181794442,-29.901813414330107,-6.2145562615434615,-48.1488824269512,41.93432616540773,-30.483843604439244
506,2010,JAX,-66.0,66.0,57.274624,127.40451,-70.12989,70.12989,78.71976954496286,108.93222731918918,-30.212457774226323,136.7590775092121,74.94738324710926,61.811694262102826,-30.80973979351569
507,2004,JAX,-19.0,19.0,-34.523033,-15.712858,-18.810179,18.810179,-26.1517991718048,4.092333068743709,-30.24413224054851,-5.171863018627146,-12.20507361741759,7.03321059879044,-30.842969393656762
508,2026,HOU,-21.0,21.0,-19.699947,11.210409,-30.910355,30.910355,-18.173248315180707,12.129699127768236,-30.302947442948938,12.866620754864098,-12.343735744767887,25.210356499631985,-30.904672269345422
509,2010,DET,-7.0,7.0,-36.06184,-25.451786,-10.610057,10.610057,-17.950543159877732,12.565163050354712,-30.515706210232445,-3.024294379066027,0.6056656951228714,-3.629960074188899,-31.127876938097376
510,2012,DET,-65.0,65.0,-26.374565,50.07521,-76.449776,76.449776,20.738593092966717,51.67241579964045,-30.933822706673737,63.23100829251603,30.40310560827454,32.82790268424149,-31.56652186577524
511,2006,SEA,-8.0,8.0,-68.54174,-57.671726,-10.870016,10.870016,-44.36308678735879,-13.331902276533267,-31.031184510825515,-38.323569464085246,-12.529400614348077,-25.794168849737172,-31.668663880989268
512,2006,BUF,-11.0,11.0,-62.012547,-55.647663,-6.3648853,6.3648853,-44.56123065185178,-13.32242730992466,-31.23880334192712,-37.79760785722868,-19.227965885321456,-18.569641971907224,-31.88647625607673
513,2001,DEN,1.0,-1.0,3.6326942,0.6016185,3.0310745,-3.0310745,-26.643615620429507,5.276832766455433,-31.92044838688494,-21.447245033739502,7.171129557133206,-28.618374590872712,-32.60158829779805
514,2016,TB,-15.0,15.0,-40.024055,-25.730762,-14.293289,14.293289,-15.81302118173799,16.505289239694985,-32.318310421432976,1.5684697105791177,1.1603230263375384,0.4081466842415793,-33.01898432224455
515,2004,HOU,-30.0,30.0,-28.069134,-10.325862,-17.74327,17.74327,-18.10995705329868,14.453935312492774,-32.56389236579145,0.8839225179100305,-5.67376218483246,6.557684702742491,-33.27662370059718
516,2001,CLE,-34.0,34.0,-73.6874,-67.96548,-5.7219276,5.7219276,-93.16403253498467,-59.621204137798976,-33.542828397185694,-93.02536927728562,-66.83353781508482,-26.1918314622008,-34.30362294206928
517,2023,SEA,-38.0,38.0,21.166382,59.166687,-38.0003,38.0003,29.720669620305898,63.90062929296421,-34.179959672658306,73.18088032324327,29.403745641911527,43.777134681331745,-34.972035704133624
518,2018,MIN,19.0,-19.0,-120.73042,-125.696625,4.966202,-4.966202,-96.5521558271752,-62.326259614955326,-34.225896212219865,-104.12763392584236,-57.78886902016838,-46.33876490567398,-35.02022760817294
519,2023,CIN,-18.0,18.0,-7.244323,11.975094,-19.219418,19.219418,5.819217724849819,40.11620777519802,-34.2969900503482,34.30989701225741,15.433385743170827,18.876511269086585,-35.09481196863125
520,2020,WAS,-2.0,2.0,-64.18748,-48.867134,-15.320342,15.320342,-42.70301530354853,-8.169133016186668,-34.53388228736187,-32.99819036286477,-16.298082606017097,-16.70010775684767,-35.34333499763568
521,2014,MIN,-18.0,18.0,-53.359127,-33.74672,-19.612411,19.612411,-32.19340914480534,2.36792189207015,-34.56133103687549,-9.199561790075634,-11.460165141874874,2.26060335179924,-35.37213140927628
522,2023,CLE,3.0,-3.0,-173.43823,-185.15637,11.718143,-11.718143,-139.23117869350406,-104.5299725131509,-34.701206180353175,-162.69661704229517,-73.24894086617925,-89.44767617611593,-35.51887405807611
523,2020,MIN,-45.0,45.0,40.85598,105.72284,-64.86686,64.86686,63.61967209798169,98.49103391714632,-34.87136181916464,117.60856369203951,54.97831088029643,62.63025281174308,-35.697383895682854
524,2022,CAR,-27.0,27.0,-45.743145,-22.054665,-23.688486,23.688486,-30.21340009905653,4.8112486709231135,-35.02464876997964,-6.037978294173335,-8.430318651682787,2.3923403575094575,-35.85819683663709
525,2001,NYG,-27.0,27.0,-38.478443,-9.421148,-29.057293,29.057293,-40.81031760455528,-5.678006462150975,-35.132311142404305,-44.86178969202872,-33.43947131842949,-11.422318373599232,-35.97114515120443
526,2022,MIN,-10.0,10.0,-12.338268,24.619728,-36.957993,36.957993,8.399544759458902,43.957459850720305,-35.55791509126141,42.6759393066155,19.487858755108387,23.188080551507113,-36.41764514571505
527,2013,MIA,-18.0,18.0,-26.220348,0.7996254,-27.019974,27.019974,-8.35247302049914,27.97644565816073,-36.328918678659875,22.577516633524013,7.237121875001194,15.340394758522812,-37.22650300162905
528,2002,LAC,-34.0,34.0,11.946534,48.29175,-36.345222,36.345222,19.81845873803536,56.4646573839307,-36.646198645895346,61.61476804852397,20.718976270844884,40.895791777679094,-37.559360589086566
529,2014,ARI,0.0,0.0,-109.716995,-118.942,9.224999,-9.224999,-82.68662712214713,-45.95322168344022,-36.73340543870691,-85.08386879391712,-49.454483613490005,-35.62938518042712,-37.650849008346334
530,2025,PIT,-14.0,14.0,21.262297,38.733746,-17.471447,17.471447,31.46153033900993,69.1451458311461,-37.68361549213617,65.71066907061645,34.46780801319649,31.242861057419958,-38.64771190113531
531,2025,TB,-31.0,31.0,-2.6808615,27.156267,-29.837132,29.837132,9.335818395624377,47.05215455511326,-37.71633615948889,43.409513340033826,16.193861641897726,27.215651698136092,-38.6820390680533
532,2008,WAS,-31.0,31.0,-60.153152,-33.964252,-26.1889,26.1889,-43.01532323195369,-4.857540145193055,-38.15778308676063,-20.163374721519006,-21.91551209625984,1.752137374740836,-39.14515988996499
533,2014,ATL,-36.0,36.0,11.869537,54.307972,-42.43843,42.43843,35.234209502432336,73.59146823393708,-38.35725873150474,83.88248169341593,39.584825790492786,44.297655902923125,-39.35442926944895
534,2021,CLE,-22.0,22.0,-32.64527,4.472089,-37.117363,37.117363,-13.808137435088842,24.566259074224497,-38.37439650931334,18.969745254559513,-0.1575398892237816,19.127285143783297,-39.37240846752268
535,2016,NYG,1.0,-1.0,-103.11653,-93.16446,-9.952074,9.952074,-81.1047684304962,-41.93835132172878,-39.166417108767405,-75.24626679842088,-44.47032485886847,-30.775941939552403,-40.203315216057746
536,2018,TB,-68.0,68.0,20.214916,99.03628,-78.82136,78.82136,51.98585968085494,91.49487233727076,-39.509012656415834,112.2175470824511,58.00319273620954,54.21435434624157,-40.56273131300694
537,2026,LAC,-32.0,32.0,-46.272236,-8.193115,-38.07912,38.07912,-39.535869993009115,0.1582551325473467,-39.69412512555647,-3.904510521054518,-25.606092313363696,21.701581792309177,-40.75693232236574
538,2003,CIN,-38.0,38.0,50.702976,92.5444,-41.84143,41.84143,51.47106401577103,91.47749318499599,-40.00642916922496,89.337743416533,55.627934150621265,33.709809265911744,-41.08456968136601
539,2002,BAL,-38.0,38.0,-60.075558,-15.056835,-45.01872,45.01872,-37.6526851202059,2.9811147244351943,-40.6337998446411,-13.98701461095095,-34.80072399093696,20.81370937998601,-41.74274262332686
540,2014,CAR,-38.0,38.0,-64.99578,-33.583603,-31.412174,31.412174,-29.663736726555417,11.156276438931723,-40.82001316548715,-3.511517290138558,-7.044178961124119,3.5326616709855676,-41.938098533343286
541,2009,TEN,-48.0,48.0,26.498842,81.361465,-54.86263,54.86263,47.03265670176712,87.89338849467292,-40.8607317929058,97.82225125387761,47.54468236028402,50.27756889359359,-41.98081633934046
542,2025,NYG,-58.0,58.0,37.632286,96.74516,-59.112873,59.112873,51.69694798706962,92.5688722048612,-40.87192421779158,111.46239455479008,47.0772992977963,64.38509525699378,-41.992558283144035
543,2020,HOU,-80.0,80.0,61.91282,151.79791,-89.8851,89.8851,78.36192301716423,119.40146187376973,-41.03953885660549,160.72191406750983,64.99122674473786,95.73068732277198,-42.16840236426989
544,2011,SEA,6.0,-6.0,-85.56571,-85.866394,0.3006878,-0.3006878,-66.62111197083983,-24.919650843617084,-41.70146112722274,-54.97825558712705,-37.132640434398986,-17.84561515272807,-42.86282329478689
545,2023,CHI,-19.0,19.0,-84.93585,-75.09248,-9.843365,9.843365,-62.747345933735595,-20.95393239818533,-41.79341353555026,-51.29407469646871,-31.565737740465433,-19.72833695600328,-42.95929032692728
546,2011,ARI,-36.0,36.0,-112.09946,-79.08484,-33.014614,33.014614,-80.04894233567758,-38.01934962918453,-42.02959270649304,-58.58822058627917,-44.2704848805027,-14.317735705776476,-43.2070652801735
547,2015,HOU,-4.0,4.0,-117.094955,-110.174835,-6.9201202,6.9201202,-91.77657750344629,-49.065912224424075,-42.71066527902221,-87.01967326185532,-53.92312125341462,-33.096552008440696,-43.92157674256059
548,2022,WAS,-22.0,22.0,-79.63083,-53.88045,-25.75038,25.75038,-64.1065737505487,-20.940681057564333,-43.165892692984364,-42.638286954838755,-34.103851109019665,-8.534435845819093,-44.39915463717602
549,2003,JAX,-55.0,55.0,-52.693542,-5.0753927,-47.61815,47.61815,-35.20260452803933,8.64949128026942,-43.852095808308746,-10.216797493001721,-28.02076284798279,17.803965354981067,-45.119048538650084
550,2022,PIT,-38.0,38.0,-24.46814,15.952986,-40.421127,40.421127,-8.54761396157068,35.38100708613901,-43.92862104770968,30.279038496971076,2.7479182393018613,27.531120257669215,-45.19933096804059
551,2018,NYG,-43.0,43.0,15.634184,66.63706,-51.002884,51.002884,29.634739336099095,73.76979507320927,-44.13505573711018,82.7600104676247,32.481558096466614,50.27845237115809,-45.41590106315282
552,2001,SEA,-23.0,23.0,7.8639884,33.92295,-26.058964,26.058964,-8.421858573761915,36.021383715017585,-44.4432422887795,9.078443352456013,10.124811560341184,-1.0463682078851737,-45.739218772018354
553,2010,DAL,-42.0,42.0,-4.8724594,42.864395,-47.736855,47.736855,17.534364853775934,62.29043337433177,-44.75606852055584,63.505826365568296,30.043945803246878,33.461880562321404,-46.067403957202835
554,2018,DET,-36.0,36.0,-65.85622,-23.71118,-42.145035,42.145035,-46.28581430851999,-0.7229229227444343,-45.56289138577556,-8.059675228512106,-23.11211092925752,15.05243570074542,-46.91383972420884
555,2023,OAK,1.0,-1.0,-100.60094,-93.48471,-7.1162176,7.1162176,-81.45011907950604,-35.76597635007999,-45.68414272942605,-69.40677988472666,-44.31919989750284,-25.08757998722382,-47.0410441931047
556,2013,LAR,-16.0,16.0,-49.473125,-35.830574,-13.642555,13.642555,-26.12498612658752,19.814855186177276,-45.939841312764806,4.826243752849208,-3.6010204798355065,8.427264232684715,-47.3092969110687
557,2023,IND,-19.0,19.0,-53.620415,-23.844425,-29.77599,29.77599,-36.40551897498809,9.972791079524026,-46.37831005451212,-5.73179735904834,-16.389903006019953,10.658105646971617,-47.76929332630165
558,2019,DEN,-34.0,34.0,-63.947914,-28.682724,-35.265186,35.265186,-48.95781875277965,-2.5722196054848427,-46.385599147294805,-14.415555954351909,-26.023452085534775,11.607896131182864,-47.77694029455981
559,2015,OAK,-40.0,40.0,-34.14278,13.185057,-47.32784,47.32784,-12.465958361915703,34.58551119703583,-47.05146955895154,32.64194260001766,7.3224379337126875,25.319504666304965,-48.47550320956072
560,2004,WAS,-25.0,25.0,-125.06205,-102.71598,-22.346067,22.346067,-115.42025954529522,-68.08904729766482,-47.33121224763041,-98.40525439992524,-84.62085608063097,-13.78439831929426,-48.76898053582829
561,2000,SEA,-85.0,85.0,0.792923,94.00171,-93.20879,93.20879,59.569044048515,107.1292254581349,-47.560181409619894,168.3758720553256,63.46189066325314,104.91398139207246,-49.00919148745584
562,2015,CHI,-62.0,62.0,-15.672027,48.560104,-64.23213,64.23213,4.155352407101454,51.796555973169305,-47.64120356606785,59.69438909309038,16.074649576089833,43.619739517000546,-49.0941916208108
563,2015,DET,-42.0,42.0,-20.089653,40.296722,-60.386375,60.386375,2.307983138246323,50.07932859927194,-47.77134546102562,56.61510784476316,15.779877720284157,40.835230124479004,-49.230723143932906
564,2013,BAL,-32.0,32.0,-60.79133,-29.40619,-31.385138,31.385138,-43.94298897113855,4.096395852987415,-48.03938482412596,-11.607205540685884,-11.692548481812741,0.08534294112685714,-49.51192254181048
565,2016,CAR,-33.0,33.0,-70.865265,-36.95781,-33.90746,33.90746,-43.61937014920092,5.490852973613327,-49.11022312281425,-11.587130228688096,-15.63374249456739,4.046612265879293,-50.63533621259533
566,2000,NE,-62.0,62.0,-39.258884,7.884843,-47.143726,47.143726,3.594934265281207,52.80299760989146,-49.20806334461026,77.1413506837808,27.125791981932707,50.015558701848086,-50.73798013451416
567,2018,DEN,-20.0,20.0,-57.15397,-30.517214,-26.636753,26.636753,-39.321673648897914,10.508759698933453,-49.830433347831374,-6.596253078291612,-18.47578960561763,11.879536527326021,-51.39090688429652
568,2003,BUF,-36.0,36.0,-108.53754,-74.141495,-34.39605,34.39605,-101.42966152513934,-51.59707743043282,-49.832584094706526,-72.72651409594482,-74.36471090976407,1.638196813819242,-51.39316322724288
569,2014,SF,-34.0,34.0,-62.776566,-28.780567,-33.996002,33.996002,-37.07465071995294,13.067737781564627,-50.14238850151757,-3.9572283577984386,-15.88444672020627,11.927218362407832,-51.71817822372484
570,2017,TEN,-42.0,42.0,-57.860275,-8.790285,-49.06999,49.06999,-35.20683497315887,15.07233732789597,-50.27917230105484,5.392474527863776,-6.345174877729223,11.737649405593002,-51.86167775164637
571,2007,CHI,-14.0,14.0,-98.904686,-84.011604,-14.893086,14.893086,-81.87049879527537,-31.458741423509224,-50.41175737176614,-62.803651338270875,-47.40966888581603,-15.39398245245484,-52.000772404089695
572,2026,MIA,-50.0,50.0,-28.55953,28.76308,-57.32261,57.32261,-26.046601089630144,24.38247007560697,-50.42907116523712,30.341765165964105,-17.59687422393427,47.93863938989837,-52.0189362597365
573,2020,CAR,-52.0,52.0,17.625206,77.36206,-59.736855,59.736855,33.44618540144721,84.20702939838775,-50.76084399694054,99.12754323252466,35.51057078554275,63.61697244698192,-52.36699827356919
574,2017,TB,-47.0,47.0,-25.779192,25.70673,-51.48592,51.48592,-2.125786622709949,48.73801170756148,-50.86379833027143,47.67869270332261,12.030682791639467,35.64800991168314,-52.47500739658257
575,2019,CHI,-18.0,18.0,-105.71704,-86.2332,-19.483839,19.483839,-88.6412650853514,-37.76394866522187,-50.87731642012954,-65.83705053634849,-55.27289196608299,-10.564158570265501,-52.489189189452794
576,2006,CAR,-35.0,35.0,-60.14369,-17.221037,-42.922657,42.922657,-44.827849652850524,6.238607577457236,-51.06645723030776,-5.724712450842651,-20.29003755782949,14.565325106986842,-52.68761632090468
577,2011,OAK,-74.0,74.0,25.522614,99.10751,-73.5849,73.5849,48.03074413317959,100.74158607815751,-52.71084194497792,119.38357283215214,51.92274121913222,67.46083161301993,-54.41273604323153
578,2015,NO,-68.0,68.0,39.63891,122.44629,-82.80737,82.80737,62.50524734200014,116.06866600786347,-53.56341866586333,147.56910485707374,53.99251143633172,93.57659342074201,-55.307172061077395
579,2025,CIN,-78.0,78.0,45.4404,134.9077,-89.4673,89.4673,69.29503749572247,123.03652261005205,-53.74148511432957,150.79908994483503,74.36447268899887,76.43461725583617,-55.493981108493905
580,2016,MIA,-35.0,35.0,-49.875305,-3.769844,-46.105457,46.105457,-26.019879265644477,28.591446573488277,-54.61132583913276,22.118711102659397,-5.6682360641330085,27.78694716679241,-56.406528747895955
581,2006,WAS,-69.0,69.0,7.4875875,87.37913,-79.89154,79.89154,18.990640426851193,74.02660906018639,-55.035968633335195,92.80369760310879,24.74075204591617,68.0629455571926,-56.85202039756113
582,2003,PIT,-27.0,27.0,-94.77914,-58.977898,-35.80124,35.80124,-89.50360158568324,-34.15576193381506,-55.34783965186818,-46.83456383927637,-64.52998202215937,17.69541818288301,-57.17920347101929
583,2025,ATL,-48.0,48.0,-23.425987,32.206326,-55.632317,55.632317,-8.188984274432736,47.160620998859535,-55.34960527329227,44.959033550836814,4.83842553948997,40.12060801134684,-57.181055779857786
584,2013,MIN,-89.0,89.0,15.261221,111.47323,-96.212006,96.212006,43.72922334712271,99.25957142007626,-55.53034807295355,125.30337906286114,51.878333357201775,73.42504570565936,-57.370672580344035
585,2020,LAC,-42.0,42.0,-38.39216,15.96493,-54.357094,54.357094,-19.944613253228148,35.71482829202711,-55.65944154525526,33.26282803676906,-12.156556875959296,45.41938491272836,-57.506104205987675
586,2024,NYJ,-66.0,66.0,-5.733102,68.02603,-73.759125,73.759125,10.523179296367081,66.52590457286686,-56.00272527649978,79.19361457161033,19.858803926590554,59.33481064501977,-57.86624227455557
587,2010,SF,-41.0,41.0,-60.87207,-20.390442,-40.481632,40.481632,-44.77894448176808,11.478495316405247,-56.25743979817333,-3.003705061857339,-21.737392876031663,18.733687814174328,-58.133462615989
588,2018,SF,-93.0,93.0,-40.716934,55.673485,-96.39042,96.39042,-8.512032291847389,47.87461231336321,-56.3866446052106,61.88940255341329,15.975438238712272,45.91396431470101,-58.26901104261381
589,2021,OAK,-72.0,72.0,-15.946556,66.28695,-82.233505,82.233505,6.140826414492377,62.868236765340995,-56.72741035084862,77.99202969208139,20.00452717793347,57.98750251414792,-58.626507499038546
590,2005,GB,-46.0,46.0,-77.816025,-23.810474,-54.005554,54.005554,-54.46646645814145,2.336666516171629,-56.80313297431307,-11.426340600790638,-20.169156437861908,8.742815837071264,-58.705947906140025
591,2008,JAX,-65.0,65.0,-17.219376,55.40835,-72.62772,72.62772,5.648293922249483,62.45622383883298,-56.807929916583504,71.84093809362136,17.658581926027253,54.18235616759411,-58.71098036578512
592,2005,BAL,-34.0,34.0,-110.30879,-76.87016,-33.43863,33.43863,-92.37395521654379,-35.55461167022686,-56.81934354631694,-62.34134611343412,-54.97683138862722,-7.364514724806892,-58.72295437501837
593,2019,CLE,-58.0,58.0,-54.284367,5.3338604,-59.618225,59.618225,-30.95410438926659,26.92717189609943,-57.88127628536601,23.38929709823826,-7.105550974798433,30.494848073036696,-59.83702524637502
594,2022,NYJ,-20.0,20.0,-123.64941,-86.50944,-37.139965,37.139965,-103.68918291226335,-45.449938474792994,-58.23924443747035,-72.90369042826072,-62.6598615815522,-10.243828846708523,-60.212568702629994
595,2004,NYG,-44.0,44.0,-22.937979,24.0261,-46.964073,46.964073,-18.772584241634917,40.207071075442244,-58.97965531707716,32.09357748636204,-4.132234031921673,36.225811518283706,-60.98933182846049
596,2006,MIA,-23.0,23.0,-113.93306,-93.13777,-20.795296,20.795296,-100.36165515261757,-41.03497790701546,-59.32667724560212,-73.99143072936229,-61.49063059316647,-12.500800136195824,-61.35339163006135
597,2001,ARI,-48.0,48.0,-11.680184,38.620693,-50.300877,50.300877,-19.058264481755423,40.64454965936942,-59.70281414112483,29.20058365133568,-7.612384849304129,36.81296850063981,-61.747995867726736
598,2004,ARI,-38.0,38.0,-106.89514,-66.59341,-40.30174,40.30174,-95.51849839898053,-35.30310974091795,-60.21538865806258,-57.962429060782995,-68.45326476279996,10.490835702016964,-62.28573645874703
599,2009,WAS,-70.0,70.0,-58.43576,14.848971,-73.28473,73.28473,-37.795212604962806,23.420941164343237,-61.21615376930605,19.84255088016086,-15.353442959301567,35.19599383946243,-63.33563653104795
600,2017,SF,-52.0,52.0,-48.100433,12.954,-61.054436,61.054436,-28.29968159554638,32.93082172101529,-61.23050331656168,30.13923459144174,-5.564982023140811,35.70421661458255,-63.35069060370887
601,2005,MIN,-38.0,38.0,-76.55153,-39.374817,-37.17672,37.17672,-61.29281403034777,0.25354567231326275,-61.546359702661036,-22.252463432342473,-33.22917040840923,10.976706976066755,-63.68205471590338
602,2021,MIA,-32.0,32.0,-85.18418,-47.28375,-37.900436,37.900436,-65.16294397889605,-3.3857785624093397,-61.77716541648671,-25.477959695367748,-35.53391978727528,10.055960091907524,-63.92419238928005
603,2018,CLE,-33.0,33.0,-68.90261,-24.988693,-43.913925,43.913925,-46.822753703897696,15.058075235032701,-61.88082893893039,1.28819905981773,-23.017130305387102,24.305329365204834,-64.03294552074499
604,2009,CHI,-48.0,48.0,-59.69847,-1.9978981,-57.700573,57.700573,-34.36804063266251,27.880464658900504,-62.24850529156302,22.2599863345386,-3.931019569068795,26.191005903607394,-64.4186738248949
605,2012,BUF,-91.0,91.0,-21.35853,79.4153,-100.77383,100.77383,15.836935097534148,78.42218991766124,-62.58525482012709,98.30515012336558,26.72809323845636,71.57705688490923,-64.77195687844522
606,2010,CIN,-73.0,73.0,-30.362503,45.78952,-76.15202,76.15202,-4.402171353050127,59.20218275822568,-63.60435411127581,62.888403141379555,15.198384103397089,47.69001903798246,-65.84109129114414
607,2015,BAL,-73.0,73.0,-60.462425,19.568514,-80.03094,80.03094,-35.99001152758134,27.884897512720308,-63.87490904030165,30.88400087825521,-6.182480461313201,37.06648133956841,-66.12492976268385
608,2015,JAX,-72.0,72.0,-60.70679,11.322017,-72.02881,72.02881,-30.681870114385568,33.24666981526658,-63.92853992965213,32.342767519228296,-4.438844917707518,36.781612436935816,-66.18119378905129
609,2014,LAR,-30.0,30.0,-131.87816,-94.53005,-37.3481,37.3481,-96.65226467118245,-32.68510275907828,-63.967161912104174,-62.99924793221143,-51.479466935202794,-11.519780997008636,-66.22171201027348
610,2001,WAS,-47.0,47.0,-88.114296,-39.904545,-48.209747,48.209747,-99.01716331979036,-34.640954842816505,-64.37620847697386,-52.54341492500674,-81.39930258792145,28.855887662914725,-66.65084169635688
611,2017,WAS,-46.0,46.0,-111.92363,-58.55957,-53.36406,53.36406,-83.20406254630817,-17.902258458193977,-65.30180408811418,-41.973563108582155,-45.87079875145174,3.8972356428695747,-67.62188164183438
612,2010,MIA,-60.0,60.0,-77.44501,-9.421126,-68.02389,68.02389,-57.123608596886434,8.296891663329095,-65.42050026021553,0.464119299692733,-27.429403528274914,27.893522827967644,-67.74640548691148
613,2024,IND,-50.0,50.0,-49.23475,12.404234,-61.638985,61.638985,-24.087897749297305,41.47570527182073,-65.56360302111804,33.323399480260235,1.4109948334773055,31.912404646782925,-67.89653422074726
614,2015,TB,-75.0,75.0,-37.24864,43.737076,-80.98572,80.98572,-5.926702381774104,59.74574884430337,-65.67245122607747,66.38314839084967,8.910782137150802,57.47236625369886,-68.01072658913901
615,2011,BUF,-62.0,62.0,-17.740522,50.723892,-68.46442,68.46442,9.417396253093159,75.37678928501953,-65.95939303192637,81.42029456291361,21.01851622514642,60.4017783377672,-68.31175649048379
616,2012,LAR,-49.0,49.0,-69.41715,-9.360497,-60.056656,60.056656,-40.60297779767289,25.5174976366343,-66.1204754343072,15.420099361799297,-18.449325805587915,33.869425167387206,-68.48074761937707
617,2015,PHI,-53.0,53.0,-59.131966,1.9426475,-61.07461,61.07461,-28.14989354569027,38.16236828921701,-66.31226183490728,31.508965168051457,-2.9424480897564607,34.451413257807914,-68.68195023285163
618,2025,WAS,-95.0,95.0,32.201633,150.69945,-118.49781,118.49781,51.887106051919254,118.97910613922775,-67.0920000873085,157.45366533512274,54.381493743304084,103.07217159181863,-69.49997160307574
619,2013,BUF,-49.0,49.0,-91.65379,-46.519173,-45.13462,45.13462,-59.66520187619898,7.835004537959511,-67.50020641415848,-19.017197186596484,-26.96625842520663,7.949061238610145,-69.92821979764057
620,2023,LAC,-52.0,52.0,-80.08428,-22.162346,-57.921932,57.921932,-62.27446993168327,6.692057130011314,-68.96652706169459,-3.904648185007466,-33.15674536038327,29.252097175375805,-71.4665329708003
621,2006,ATL,-36.0,36.0,-75.15132,-32.84844,-42.302883,42.302883,-65.09459540662422,4.051116048665676,-69.1457114552899,-14.932398389714416,-38.5928217515889,23.660423361874482,-71.65451485154068
622,2004,DET,-54.0,54.0,-60.495857,-1.7124308,-58.78343,58.78343,-56.362798017924646,13.107846665444034,-69.47064468336868,7.421057155342324,-36.960960350671776,44.3820175060141,-71.99540145502048
623,2025,MIA,-77.0,77.0,8.94762,92.75835,-83.81073,83.81073,21.32704616454861,90.87009518626583,-69.54304902171722,108.68345474236129,31.15590137888018,77.52755336348112,-72.0713606578474
624,2015,LAC,-78.0,78.0,-34.091927,53.68466,-87.77659,87.77659,-10.640454648163484,58.96655796563234,-69.60701261379582,67.70905645509859,5.058383181113331,62.65067327398526,-72.13846469574148
625,2005,ARI,-76.0,76.0,-50.06076,16.724232,-66.78499,66.78499,-30.51894736323024,39.22882002704977,-69.74776739028002,31.648335465629813,-5.588790473440974,37.237125939070786,-72.28613016523795
626,2009,JAX,-90.0,90.0,-0.5732215,93.99105,-94.56427,94.56427,23.21507150150041,93.45804385773575,-70.24297235623534,111.0634249032085,28.669715523798864,82.39370937940963,-72.80564840555137
627,2001,TEN,-52.0,52.0,24.797598,68.63693,-43.839336,43.839336,-2.623641191958941,68.76663328865111,-71.39027448061005,57.72075625521722,27.36680123364372,30.35395502157349,-74.00928007675874
628,2014,CLE,-38.0,38.0,-106.807785,-65.202354,-41.60543,41.60543,-83.26231895603439,-11.795161010820687,-71.4671579452137,-38.43925063474147,-50.62329112834686,12.184040493605394,-74.08993831927663
629,2004,NO,-57.0,57.0,3.113047,70.55338,-67.44034,67.44034,7.274028374216926,78.75225184532252,-71.4782234711056,81.36691431663483,23.496633972662192,57.87028034397264,-74.10154713367616
630,2017,OAK,-72.0,72.0,-40.86171,49.815758,-90.67747,90.67747,-21.568434967753106,49.97554436764581,-71.54397933539892,60.02359843377302,-1.8517858221699117,61.87538425594293,-74.17053143968378
631,2019,PIT,-14.0,14.0,-166.57108,-157.43396,-9.137113,9.137113,-139.7476425277977,-67.48917296781512,-72.25846955998259,-120.84412450910291,-84.39248184891107,-36.451642660191844,-74.92010127382461
632,2013,ATL,-90.0,90.0,13.130871,119.29516,-106.16429,106.16429,35.5618034247883,107.93191494595476,-72.37011152116646,135.89615505576612,38.2983203269368,97.59783472882933,-75.03722456459674
633,2012,CLE,-66.0,66.0,-71.91535,-10.018114,-61.897236,61.897236,-47.95263759642005,24.483508353706572,-72.43614595012662,18.47468665746228,-20.31432551035669,38.78901216781896,-75.10650111207097
634,2023,ATL,-52.0,52.0,-123.02435,-61.994324,-61.03003,61.03003,-94.39375513142916,-21.731210767333096,-72.66254436409606,-46.7898539448695,-49.520309741102835,2.73045579623334,-75.3440150986447
635,2005,LAR,-66.0,66.0,-31.359222,45.36017,-76.71939,76.71939,-14.001707630488589,58.80787502416706,-72.80958265465566,59.05291356243178,6.052886923717865,53.00002663871392,-75.49827258639596
636,2010,LAR,-39.0,39.0,-113.86207,-68.912865,-44.949203,44.949203,-96.18196522564537,-23.033723963522384,-73.14824126212298,-48.67530954405092,-57.795043287517075,9.119733743466153,-75.85355844965261
637,2017,GB,-64.0,64.0,-48.685127,28.987045,-77.67217,77.67217,-28.371608106376897,45.566582362529864,-73.93819046890675,47.94548086380807,-6.734089321909288,54.67957018571736,-76.68229210553099
638,2016,JAX,-82.0,82.0,-76.51014,9.934043,-86.44418,86.44418,-54.51998932599387,19.453358478889157,-73.97334780488303,14.992242995615571,-25.03689467625323,40.029137671868796,-76.71917557515708
639,2002,CAR,-44.0,44.0,-156.86227,-105.70561,-51.15666,51.15666,-151.71922318972187,-77.43458254262887,-74.284640647093,-96.70081812005995,-119.45317339006272,22.75235527000277,-77.0457520853403
640,2023,PIT,-34.0,34.0,-109.515076,-73.359276,-36.155804,36.155804,-93.583132994985,-18.90717074273766,-74.67596225224733,-48.694727509348816,-57.743169649691055,9.048442140342239,-77.45628656234055
641,2023,DEN,-56.0,56.0,-61.110428,6.4723806,-67.58281,67.58281,-42.121848909523415,32.612819432552584,-74.73466834207599,27.80588884168806,-18.725745522733128,46.53163436442118,-77.51787496831429
642,2000,LAC,-139.0,139.0,-149.94798,-9.423134,-140.52484,140.52484,-36.662555390233365,38.62605013616849,-75.28860552640185,20.685941302959634,11.28553693142021,9.400404371539423,-78.0990090259867
643,2010,CLE,-61.0,61.0,-56.401962,14.028379,-70.43034,70.43034,-34.081028299906365,42.04444101723666,-76.12546931714301,36.11949631728326,-8.74650608481893,44.86600240210219,-78.97696064973331
644,2025,CAR,-72.0,72.0,-18.374622,72.19715,-90.57178,90.57178,-0.6637314676509414,75.83442269507303,-76.49815416272396,85.48816270059848,16.188520966461013,69.29964173413747,-79.36794335079364
645,2015,MIA,-79.0,79.0,-58.1314,26.461948,-84.59335,84.59335,-38.7785037555816,38.70476672740875,-77.48327048299035,42.67250942725329,-17.38961766792908,60.06212709518237,-80.40142631722858
646,2023,TEN,-62.0,62.0,-41.95196,46.90005,-88.85201,88.85201,-29.601785876207305,47.939320474839974,-77.54110635104728,55.06380695167839,-11.447076546505816,66.5108834981842,-80.46210177580757
647,2024,NO,-60.0,60.0,-68.75179,9.284207,-78.036,78.036,-52.48859067655157,25.09134845454023,-77.57993913109179,22.173418233093663,-26.701122063983483,48.87454029707715,-80.50284114423512
648,2004,LAR,-96.0,96.0,1.9951286,107.36391,-105.368774,105.368774,22.188228626293004,99.93102511405887,-77.74279648776587,102.41478552078391,29.772673434527903,72.642112086256,-80.67369437305561
649,2010,MIN,-67.0,67.0,-100.58771,-32.911976,-67.675735,67.675735,-72.0284499655598,6.118339261093119,-78.14678922665293,-12.022285374187026,-30.790872733597062,18.768587359410038,-81.09752210346036
650,2019,ARI,-81.0,81.0,-29.075457,62.775806,-91.851265,91.851265,-12.523598663755404,65.84368704254058,-78.36728570629599,80.03338975225942,-0.6093843509482859,80.64277410320771,-81.3288443861004
651,2003,CLE,-68.0,68.0,-70.78035,2.67658,-73.45693,73.45693,-66.94936660918584,12.693699393032142,-79.64306600221799,-3.420705586607636,-41.94202529153293,38.52131970492529,-82.66726217253215
652,2022,TEN,-61.0,61.0,-86.99861,-13.208637,-73.78998,73.78998,-68.36165260493449,11.374740740143206,-79.7363933450777,0.6924250022628828,-36.6330226115388,37.32544761380168,-82.76517164491004
653,2007,DEN,-89.0,89.0,-15.129374,78.32209,-93.45147,93.45147,3.368669762161364,83.74165375689185,-80.37298399473049,94.73790966219745,17.186005565349724,77.55190409684772,-83.43301723783455
654,2020,DAL,-78.0,78.0,-38.97565,53.488373,-92.46402,92.46402,-12.652135676336776,68.58346779646865,-81.23560347280542,77.69923638077638,7.807185914757252,69.89205046601913,-84.33798908609748
655,2011,WAS,-79.0,79.0,-82.24468,7.7347317,-89.97941,89.97941,-53.627358428415945,27.72790485413902,-81.35526328255496,25.424911276382254,-24.628633237488337,50.05354451387059,-84.46352388092207
656,2019,DET,-82.0,82.0,-54.751186,32.64028,-87.391464,87.391464,-36.29130628325731,45.21523898563804,-81.50654526889535,52.2045108267213,-14.804888473623638,67.00939930034494,-84.62223341886674
657,2015,DAL,-99.0,99.0,-72.58054,42.093628,-114.674164,114.674164,-39.207718507753455,42.50893856664044,-81.7166570743939,50.267063412240304,-6.173746507138143,56.44080991937845,-84.84266116690254
658,2022,TB,-62.0,62.0,-87.62395,-9.033812,-78.59013,78.59013,-66.14595552653054,16.17487309489898,-82.32082862142953,6.38367986497536,-36.28452671636951,42.668206581344876,-85.4764959636879
659,2005,OAK,-93.0,93.0,-5.353217,97.616,-102.969215,102.969215,7.184542336960693,90.02148049140857,-82.83693815444786,106.62150132270015,18.258838889496953,88.3626624332032,-86.01794513087346
660,2000,DET,0.0,0.0,-137.5404,-131.27034,-6.270074,6.270074,-60.73352734558041,22.416972109815106,-83.15049945539552,-5.1721032800447535,-6.4072123891091906,1.2351091090644397,-86.34690147521151
661,2005,CLE,-69.0,69.0,-93.77292,-14.024033,-79.748886,79.748886,-78.05067382909674,6.063212729752593,-84.11388655884933,-4.435110619720163,-45.85435539697725,41.41924477725709,-87.35758837686936
662,2003,CHI,-63.0,63.0,-74.885506,-4.7461395,-70.139366,70.139366,-77.65547950685672,6.609881516769713,-84.26536102362644,-4.668248271055038,-48.85102654685469,44.18277827579965,-87.5164998434408
663,2005,BUF,-96.0,96.0,-6.9973264,83.71996,-90.71729,90.71729,4.988747386389303,89.71768344698873,-84.72893606059944,97.99477688362087,15.875961516477846,82.11881536714304,-88.00283520762042
664,2020,NYG,-77.0,77.0,-61.869167,20.937744,-82.80691,82.80691,-43.16627277469744,41.71381171200255,-84.8800844867,39.896387039555215,-17.884858253941825,57.78124529349704,-88.16140462786528
665,2005,PHI,-78.0,78.0,-103.42827,-26.801636,-76.626625,76.626625,-84.26869119940537,2.5864190517101515,-86.85511025111553,-13.439774985945839,-47.18042791300138,33.74065292705554,-90.2333990145197
666,2018,CIN,-87.0,87.0,-11.0664,89.88418,-100.95058,100.95058,2.994478841359813,90.26814913904906,-87.27367029768925,107.55653930806551,12.173904268512537,95.38263503955297,-90.67250926948653
667,2013,NYJ,-97.0,97.0,-97.18557,9.193028,-106.3786,106.3786,-64.90024520697423,23.77926759012013,-88.67951279709436,20.77793639266715,-24.39850892197793,45.17644531464508,-92.14737497492183
668,2015,IND,-75.0,75.0,-97.28494,-17.585377,-79.69956,79.69956,-67.00866698862045,21.832025488879744,-88.84069247750018,9.592407614549787,-30.62542095745081,40.2178285720006,-92.31646815793782
669,2021,PIT,-76.0,76.0,-95.54829,-21.356998,-74.19129,74.19129,-76.98401937602587,12.59817987860734,-89.58219925463321,-0.009989817927314348,-45.13268967704654,45.12269985911923,-93.09438098700944
670,2017,CIN,-59.0,59.0,-123.16353,-46.790916,-76.37261,76.37261,-101.35273121706683,-11.399924389675245,-89.95280682739158,-31.598689483471915,-60.41116801466297,28.81247853119105,-93.48318442656064
671,2001,IND,-73.0,73.0,34.556816,118.06415,-83.507324,83.507324,25.931300103472022,117.20494650273115,-91.27364639925914,75.12996081186422,39.19258435504999,35.937376456814235,-94.86887378205645
672,2009,BUF,-68.0,68.0,-105.53291,-36.589256,-68.94365,68.94365,-86.34362527270818,4.9431322160049245,-91.2867574887131,-16.569894477500537,-47.76611929151664,31.196224814016094,-94.88262859186248
673,2016,HOU,-54.0,54.0,-177.3929,-118.9332,-58.459698,58.459698,-148.85776614414362,-57.315747807409466,-91.54201833673417,-96.59472652918264,-94.42093075756026,-2.1737957716223697,-95.15042208284453
674,2008,SEA,-98.0,98.0,-28.902552,79.362625,-108.265175,108.265175,-8.60957818290501,83.01974232461802,-91.62932050752303,99.53560327303872,6.620102422777091,92.91550085026161,-95.24201056289192
675,2018,JAX,-71.0,71.0,-146.85547,-70.82444,-76.03103,76.03103,-124.54443210838821,-32.79085500501143,-91.75357710337678,-57.46186081325892,-75.2460450520913,17.78418423883238,-95.3723678340488
676,2019,OAK,-106.0,106.0,-13.629065,111.659134,-125.2882,125.2882,8.159343954216837,99.94943552776358,-91.79009157354675,125.04040502621766,14.895327904812682,110.14507712140498,-95.41067506962364
677,2006,TEN,-76.0,76.0,-52.23452,34.856724,-87.09124,87.09124,-36.6926029508471,55.34776239091025,-92.04036534175734,52.92336821600472,-13.107346389801183,66.03071460580588,-95.67323662816241
678,2007,NYJ,-87.0,87.0,-43.25462,59.258823,-102.51344,102.51344,-27.538090079976776,64.68821671291145,-92.22630679288824,71.56857500432945,-7.086188055243114,78.65476305957256,-95.86830732036861
679,2004,MIA,-79.0,79.0,-142.77605,-63.489315,-79.28673,79.28673,-130.99628640646674,-38.06969205607717,-92.92659435038956,-55.1996718335339,-85.52158101588508,30.321909182351177,-96.60297717345586
680,2017,BUF,-64.0,64.0,-93.77077,-20.977077,-72.79369,72.79369,-80.34848550757883,13.330131718077618,-93.67861722565645,-0.9314285877358142,-47.66550321960752,46.73407463187172,-97.39192241369672
681,2000,BUF,-26.0,26.0,-84.961,10.121608,-95.08261,95.08261,-35.450233830333275,58.631486030470114,-94.08171986080339,43.07095968817405,-10.914533101167763,53.98549278934181,-97.81481633858546
682,2001,DAL,-92.0,92.0,-116.09733,-20.141502,-95.95583,95.95583,-110.74790474924689,-16.506120056262944,-94.24178469298394,-27.944330652946668,-108.02372946982933,80.07939881688267,-97.98273993723129
683,2012,NYJ,-94.0,94.0,-121.161476,-16.383497,-104.77797,104.77797,-78.51046290591458,16.38353248906821,-94.8939953949828,8.732667526364603,-38.61983378728307,47.35250131364768,-98.6669724863988
684,2010,WAS,-75.0,75.0,-104.6526,-21.998196,-82.6544,82.6544,-80.11187352038112,15.60819434186811,-95.72006786224922,1.9904705783594068,-43.39658623218093,45.38705681054034,-99.53360296078775
685,2017,CHI,-56.0,56.0,-133.10576,-61.702877,-71.402885,71.402885,-113.06560790907548,-17.221172257671256,-95.84443565140424,-41.71654571328212,-69.61499706134869,27.898451348066565,-99.66407688454746
686,2006,ARI,-75.0,75.0,-84.207085,-8.870169,-75.336914,75.336914,-64.69793842476253,31.299969196203982,-95.9979076209665,15.403491461270933,-31.8550499292405,47.25854139051143,-99.82508392818767
687,2024,JAX,-115.0,115.0,8.746956,143.69191,-134.94495,134.94495,17.49048039367524,113.49590546673907,-96.00542507306382,148.00106261415291,25.108576962297448,122.89248565185545,-99.83297046760818
688,2017,NYJ,-84.0,84.0,-100.548485,-8.420206,-92.12828,92.12828,-80.9757642936754,15.231908464317817,-96.20767275799322,7.7818680794200334,-48.173538216482015,55.95540629590205,-100.04514798723237
689,2006,GB,-65.0,65.0,-114.91112,-48.440292,-66.47082,66.47082,-92.77479245769669,3.9375046820422384,-96.71229713973895,-24.17359682426995,-50.80546736525269,26.631870540982746,-100.57454811212418
690,2011,CLE,-89.0,89.0,-90.9812,3.7133317,-94.69453,94.69453,-74.59110888817789,22.30836991049062,-96.89947879866851,19.12867380624386,-43.98569761894783,63.11437142519169,-100.77091990310255
691,2017,HOU,-98.0,98.0,-81.595184,28.843964,-110.43915,110.43915,-54.63024365054174,42.48862557308695,-97.11886922362869,43.47889932848224,-22.666344881452815,66.14524420993506,-101.00108182665484
692,2004,TEN,-95.0,95.0,2.2575774,103.77964,-101.52206,101.52206,8.007023977474693,105.89312717021889,-97.8861031927442,109.14296698526603,22.212909061004837,86.93005792426119,-101.80598498584395
693,2004,DAL,-112.0,112.0,-24.262575,85.17421,-109.43678,109.43678,-15.27562773885509,82.66149436740979,-97.93712210626488,87.99612377799191,4.312656583143179,83.68346719484873,-101.85950879516972
694,2010,SEA,-103.0,103.0,-65.225815,42.17688,-107.402695,107.402695,-41.33440945093561,56.666516136563715,-98.00092558749932,60.42159508418714,-11.655374506802822,72.07696959098996,-101.9264448611941
695,2018,WAS,-78.0,78.0,-76.29857,10.230045,-86.52862,86.52862,-60.49269075553704,37.51918738447435,-98.01187814001139,32.660191408429476,-29.81497179745959,62.47516320588906,-101.93793515551502
696,2007,CAR,-80.0,80.0,-98.127975,-16.154522,-81.97344,81.97344,-84.25243161695306,14.157863016111676,-98.41029463306474,1.123818545263175,-52.44157801266082,53.56539655792399,-102.35591286093567
697,2024,CHI,-60.0,60.0,-72.48128,14.845371,-87.326645,87.326645,-61.00297903402231,37.66419617987077,-98.66717521389307,33.0996469421818,-33.99745451565385,67.09710145783565,-102.62540560938817
698,2013,CLE,-98.0,98.0,-88.509705,16.606972,-105.11667,105.11667,-61.713480464611884,37.27597744743627,-98.98945791204815,34.939424230138535,-28.22653993667253,63.16596416681106,-102.96351154882677
699,2006,MIN,-45.0,45.0,-173.07635,-115.97978,-57.096565,57.096565,-149.96168443939462,-50.67666824089814,-99.28501619849648,-93.52440854990644,-91.30277480960785,-2.2216337402985857,-103.27358097753185
700,2019,JAX,-97.0,97.0,-61.73787,47.86556,-109.603424,109.603424,-44.35467120741707,56.338993970468024,-100.6936651778851,63.595894641959205,-20.459057093932838,84.05495173589205,-104.75139095381002
701,2013,NYG,-89.0,89.0,-145.22174,-50.314583,-94.907166,94.907166,-103.79747814807355,-1.8218955627063522,-101.97558258536719,-26.31917863550559,-49.83227968155886,23.513101046053272,-106.09624716799897
702,2022,LAR,-77.0,77.0,-99.37011,-3.4384193,-95.93169,95.93169,-77.24790767079328,24.787496320729577,-102.03540399152286,14.643372099726754,-41.14681917626214,55.790191275988896,-106.15900564942717
703,2022,DEN,-72.0,72.0,-115.805176,-25.499601,-90.30557,90.30557,-97.28591164455852,4.857848578647945,-102.14376022320646,-13.847661211720919,-57.25047689701364,43.40281568529273,-106.27268188993631
704,2003,WAS,-85.0,85.0,-43.96724,47.162014,-91.12926,91.12926,-47.30763950424388,54.892888568765805,-102.20052807300968,57.00797417575262,-23.622785040536122,80.63075921628874,-106.33223689334638
705,2017,ARI,-66.0,66.0,-177.48544,-110.66876,-66.81667,66.81667,-151.48241090081734,-49.10325274822027,-102.37915815259706,-89.33597311718947,-92.76686699649424,3.430893879304768,-106.51963724470443
706,2020,PHI,-84.0,84.0,-89.98164,16.454575,-106.43622,106.43622,-64.88387514923588,37.51733686051822,-102.40121200975409,35.221311821976734,-31.304955209381415,66.52626703135816,-106.54277388882156
707,2000,CHI,-139.0,139.0,-131.72577,-1.9994822,-129.72629,129.72629,-61.149490341854325,41.45312319742516,-102.60261353927947,43.15548370161719,-9.586713301599957,52.74219700321715,-106.75406370901472
708,2014,NYJ,-118.0,118.0,-87.10156,36.610855,-123.71242,123.71242,-64.95329168238837,38.34986046948823,-103.3031521518766,46.62088095813257,-32.573895885226925,79.19477684335949,-107.48899694334924
709,2006,DET,-93.0,93.0,-101.15076,-1.7999778,-99.350784,99.350784,-75.45322260881582,27.887963662965888,-103.34118627178171,17.105372954824936,-34.78046300973145,51.885835964556385,-107.52889843950418
710,2021,WAS,-99.0,99.0,-55.46827,60.087666,-115.55593,115.55593,-34.655916819639806,69.34562832606562,-104.00154514570542,78.55430618736187,-11.719936488860892,90.27424267622277,-108.22167921462093
711,2000,ARI,-233.0,233.0,-84.3862,160.67189,-245.0581,245.0581,6.676509322234726,111.05683718016371,-104.38032785792899,187.79649004073246,39.34739355977217,148.4490964809603,-108.61905917169771
712,2011,DEN,-110.0,110.0,-92.07602,27.40879,-119.48482,119.48482,-59.56062201618482,45.14636899889036,-104.70699101507518,47.731674535772136,-28.785695440190135,76.51736997596228,-108.96176063925755
713,2010,DEN,-127.0,127.0,0.19651008,147.06914,-146.87263,146.87263,19.7873538719589,125.25282272815883,-105.46546885619993,158.75252506948385,28.09932753627143,130.65319753321242,-109.75747776737174
714,2019,NYG,-110.0,110.0,-94.172356,33.890804,-128.06316,128.06316,-61.53464426850616,44.247300624943854,-105.78194489345002,50.22930681351987,-28.212208382744592,78.44151519626446,-110.08949195397496
715,2006,HOU,-99.0,99.0,-77.23398,28.697552,-105.93153,105.93153,-58.57588018217119,47.378028938216815,-105.953909120388,45.598958153116165,-28.64163466444949,74.24059281756566,-110.26989917667584
716,2020,CIN,-113.0,113.0,-50.487915,84.18463,-134.67255,134.67255,-26.10821562798101,80.02523715158459,-106.1334527795656,97.9484678351339,-3.8143121919711263,101.76278002710502,-110.4582579620031
717,2002,DAL,-112.0,112.0,-199.81544,-79.62686,-120.18858,120.18858,-159.20004437817144,-52.561443740599984,-106.63860063757144,-56.13012193768509,-153.41673021799232,97.28660828030723,-110.9882072644763
718,2016,CHI,-120.0,120.0,-86.98429,54.498886,-141.48318,141.48318,-55.39229968173233,51.783236703255895,-107.17553638498822,63.719119456309016,-24.1875085810818,87.90662803739082,-111.55150515895764
719,2015,LAR,-50.0,50.0,-169.33656,-104.86399,-64.47257,64.47257,-148.47853125628419,-40.488056013104405,-107.99047524317976,-75.15701155000667,-96.33217265834932,21.17516110834265,-112.40645539305704
720,2007,BAL,-109.0,109.0,-116.14737,7.114867,-123.26224,123.26224,-88.14368848390487,21.374787223504356,-109.51847570740922,16.384573117002045,-47.04035564155839,63.42492875856044,-114.00947670130095
721,2011,MIN,-109.0,109.0,-56.96555,63.221752,-120.1873,120.1873,-36.68514350529974,72.83573117819648,-109.52087468349622,82.86298748003641,-14.119389866716137,96.98237734675254,-114.01199346086709
722,2025,NO,-77.0,77.0,-134.25844,-36.89012,-97.36832,97.36832,-109.46195809626529,0.09923309586588758,-109.56119119213119,-21.197586832777056,-66.65016411104341,45.45257727826636,-114.05428940509539
723,2001,ATL,-86.0,86.0,-33.393883,57.95881,-91.35269,91.35269,-50.55315069058324,59.440332704425224,-109.99348339500847,60.128298095724126,-27.984213976000014,88.11251207172415,-114.50780602948295
724,2021,CHI,-96.0,96.0,-119.05832,-6.0637574,-112.99457,112.99457,-94.98424963203556,15.36022830703369,-110.34447793906924,9.392628828259657,-52.52363218148953,61.91626100974919,-114.87603349169808
725,2007,DET,-98.0,98.0,-67.088776,32.39003,-99.478806,99.478806,-43.45498867861896,67.23208191056776,-110.68707058918672,60.261145778993374,-13.536442352781629,73.797588131775,-115.23544654885511
726,2001,MIN,-100.0,100.0,-46.672676,66.75405,-113.42673,113.42673,-44.03515848101965,66.88430992502957,-110.91946840604923,48.78631326063436,-39.446160183894776,88.23247344452913,-115.47925449338204
727,2017,DEN,-93.0,93.0,-177.94458,-73.47391,-104.47067,104.47067,-143.84311328148357,-30.946807527182376,-112.8963057543012,-59.87510622820065,-82.42760956634221,22.552503338141566,-117.55314940792205
728,2011,JAX,-86.0,86.0,-156.88788,-77.061226,-79.82666,79.82666,-139.8225364521795,-26.834219459431967,-112.98831699274751,-52.92828958274326,-89.84111230298772,36.91282272024447,-117.6496781585869
729,2005,DET,-91.0,91.0,-102.65387,0.5345154,-103.188385,103.188385,-87.20003337888394,26.01801933864012,-113.21805271752407,15.463565050744203,-52.58734784290044,68.05091289364464,-117.8906933092383
730,2020,DEN,-123.0,123.0,-91.885254,45.92605,-137.81131,137.81131,-63.32538192907934,51.60723320103503,-114.93261513011437,57.2965410289397,-26.18031333899722,83.47685436793692,-119.68943627171659
731,2012,PHI,-164.0,164.0,-99.77243,80.285614,-180.05804,180.05804,-46.71340331399846,68.54023279610527,-115.25363611010374,88.90742098139589,-16.16193505651183,105.06935603790772,-120.02621854591295
732,2014,WAS,-137.0,137.0,-77.114204,71.6851,-148.7993,148.7993,-44.91093964126125,70.44752045989374,-115.35846010115499,87.71020547655954,-16.5851804852756,104.29538596183514,-120.13618912197234
733,2001,NO,-76.0,76.0,-35.997772,53.300667,-89.29845,89.29845,-60.5271026125679,55.23373581001046,-115.76083842257836,21.278947926074395,-30.309171382881676,51.58811930895607,-120.55832317121973
734,2004,OAK,-122.0,122.0,3.2629738,136.0255,-132.76251,132.76251,10.468895541376497,127.10122842425227,-116.63233288287579,142.01692292423596,27.033669598348627,114.98325332588732,-121.4726057402226
735,2009,SEA,-110.0,110.0,-102.550285,15.911748,-118.46203,118.46203,-77.5147825585746,39.35204794950648,-116.86683050808107,39.467434759400454,-40.1556754483741,79.62311020777456,-121.7186165882142
736,2007,BUF,-102.0,102.0,-75.29535,36.97018,-112.26553,112.26553,-62.52943561261745,54.7093547776001,-117.23879039021756,53.702559430422546,-36.41960761073085,90.1221670411534,-122.10883873201269
737,2013,OAK,-131.0,131.0,-78.05973,65.46276,-143.52249,143.52249,-44.59043286910088,73.12803708040077,-117.71846994950165,89.07253405229315,-14.48038792135219,103.55292197364534,-122.61206930861411
738,2006,SF,-114.0,114.0,-82.665886,42.162243,-124.82813,124.82813,-61.65633600020964,57.32696714676197,-118.98330314697162,58.46547833813923,-29.263183405778122,87.72866174391734,-123.93900252256512
739,2003,HOU,-125.0,125.0,-76.40026,34.10879,-110.50905,110.50905,-78.404636175696,41.037395631319775,-119.44203180701577,42.20022447578553,-50.95540566986268,93.15563014564822,-124.42025356532821
740,2014,CHI,-123.0,123.0,-74.57942,64.689735,-139.26917,139.26917,-43.89917374944809,76.80638353253755,-120.70555728198565,89.95861719199415,-16.388629893012467,106.34724708500661,-125.74581485100957
741,2020,DET,-142.0,142.0,-10.308679,163.43338,-173.74207,173.74207,11.823917973355169,132.91067707923585,-121.08675910588067,177.7552327650492,22.454699541132136,155.30053322391706,-126.14573269184172
742,2007,OAK,-115.0,115.0,-91.824814,32.631306,-124.456116,124.456116,-75.02432016359506,46.15572631092635,-121.1800464745214,44.78991231145882,-43.9755756953387,88.76548800679751,-126.24360022737058
743,2024,DAL,-118.0,118.0,-66.2528,71.33796,-137.59076,137.59076,-46.316770420751425,75.16252739104462,-121.47929781179604,85.40606489046317,-12.842176406295053,98.24824129675821,-126.55754402608116
744,2002,CHI,-98.0,98.0,-96.7462,14.384802,-111.131,111.131,-95.98961360577215,25.752987731428348,-121.7426013372005,13.977234534924204,-64.75536499904916,78.73259953397337,-126.83377506896367
745,2012,OAK,-153.0,153.0,-40.157116,127.79397,-167.9511,167.9511,-17.497376954664226,104.78522063358166,-122.28259758824589,132.12497991928475,3.238823866350721,128.88615605293404,-127.40028372983251
746,2004,CLE,-114.0,114.0,-108.652626,6.937991,-115.590614,115.590614,-101.16115727286085,21.521254261936335,-122.68241153479718,11.633688296176054,-64.93470391567902,76.56839221185508,-127.81972750007903
747,2025,ARI,-133.0,133.0,-29.530037,127.8416,-157.37164,157.37164,-10.561037320783946,112.2382043070272,-122.79924162781116,137.80500769377454,4.079235940335931,133.7257717534386,-127.94229364644467
748,2018,NYJ,-108.0,108.0,-133.16545,-18.441841,-114.72362,114.72362,-109.34397659166231,14.458461234678328,-123.80243782634065,3.5610609532399735,-60.78043704563602,64.341497998876,-128.994744166087
749,2015,TEN,-124.0,124.0,-113.17243,26.709682,-139.88211,139.88211,-82.2102950683178,41.90334443132594,-124.11363949964374,42.79012626312371,-42.72854275269695,85.51866901582066,-129.3212250312074
750,2000,ATL,-161.0,161.0,-131.6361,43.489094,-175.12518,175.12518,-59.1757632558203,65.33223797811661,-124.50800123393691,89.68430491935985,5.061172676971182,84.62313224238866,-129.73494889977098
751,2017,MIA,-112.0,112.0,-145.0261,-14.497889,-130.52821,130.52821,-118.3614695107121,6.465034545937661,-124.82650405664977,-0.17341938269510848,-66.14410699811356,65.97068761541844,-130.06908938172563
752,2005,NYJ,-115.0,115.0,-77.027145,54.013702,-131.04085,131.04085,-59.9681975981155,64.91387094566052,-124.88206854377601,66.59514711564051,-31.465353393379377,98.06050050901989,-130.12738194048472
753,2021,CAR,-100.0,100.0,-183.0781,-68.15885,-114.91924,114.91924,-155.25897934889463,-29.94449835720793,-125.3144809916867,-54.06993003336809,-94.46156317082617,40.39163313745807,-130.58102471362372
754,2013,TB,-101.0,101.0,-91.29433,18.608656,-109.902985,109.902985,-73.48343011422803,52.658339841915065,-126.14176995614311,48.533503767202966,-41.89574912001877,90.42925288722174,-131.44893141204702
755,2005,TEN,-122.0,122.0,-84.06132,49.651054,-133.71237,133.71237,-68.13416592420513,58.284443352450054,-126.41860927665519,61.6255600584704,-38.17119196510044,99.79675202357083,-131.73936282233092
756,2016,NYJ,-134.0,134.0,-125.5037,23.713318,-149.21701,149.21701,-93.17636450274603,33.41965646209029,-126.5960209648363,35.930884483627224,-51.424442886293356,87.35532736992059,-131.92548496243722
757,2000,CIN,-174.0,174.0,-158.23412,34.57513,-192.80925,192.80925,-77.19765788525328,49.98998689436121,-127.18764477961449,73.99785484558473,-18.385320284753107,92.38317513033783,-132.5461559659845
758,2023,ARI,-125.0,125.0,-60.339794,84.88933,-145.22913,145.22913,-47.51747803773824,79.99608079754103,-127.51355883527927,97.95115150240153,-21.241752838219366,119.19290434062088,-132.8880715531308
759,2003,LAC,-128.0,128.0,-3.5299559,131.85495,-135.3849,135.3849,-4.505869880490316,124.13203535321733,-128.63790523370764,114.7661413273572,14.074868505672633,100.69127282168456,-134.06762043202258
760,2019,NYJ,-83.0,83.0,-171.0117,-62.979473,-108.032234,108.032234,-152.60498874094068,-23.412877789772793,-129.19211095116788,-44.98579857403098,-99.583136683207,54.59733810917603,-134.649036207107
761,2007,KC,-109.0,109.0,-147.21506,-24.100563,-123.11449,123.11449,-129.36666229486298,-0.17428172989679513,-129.1923805649662,-13.027716981051306,-83.3514188405713,70.32370185952,-134.64931905824076
762,2008,OAK,-125.0,125.0,-92.56473,47.556812,-140.12154,140.12154,-71.84078963554724,57.69839619161154,-129.5391858271588,64.64415376709032,-38.82061338602693,103.46476715311725,-135.01315155575654
763,2010,BUF,-142.0,142.0,-99.620514,49.04819,-148.6687,148.6687,-69.1518519395249,61.23896917541158,-130.39082111493647,66.92204056303746,-30.377185459394195,97.29922602243164,-135.90659991858047
764,2009,CLE,-130.0,130.0,-107.377335,34.202465,-141.5798,141.5798,-85.28828167106558,45.826275930822035,-131.1145576018876,52.941317990144434,-42.63409517026022,95.57541316040465,-136.66586998249457
765,2024,NE,-128.0,128.0,-88.15897,68.93259,-157.09155,157.09155,-67.42740871761286,63.704666689746574,-131.13207540735945,80.14947591164584,-33.42544796954529,113.57492388119113,-136.68424786660023
766,2003,OAK,-109.0,109.0,-66.13361,45.945568,-112.07918,112.07918,-83.24536798546416,51.39043883468144,-134.6358068201456,43.0633441073877,-45.48508732359033,88.54843143097803,-140.36000336834482
767,2013,HOU,-152.0,152.0,-140.54968,27.738737,-168.28842,168.28842,-100.72777036257042,34.0687985037,-134.79656886627043,38.46709361515548,-51.05771688049938,89.52481049565485,-140.5286584123241
768,2006,CLE,-118.0,118.0,-146.89558,-18.288101,-128.60748,128.60748,-121.51816038793646,13.36481478675684,-134.8829751746933,-2.0508225027268487,-69.21825331085107,67.16743080812421,-140.6193070454961
769,2002,HOU,-143.0,143.0,-214.03592,-109.889694,-104.14622,104.14622,-220.803297651904,-85.39386545144329,-135.4094322004607,-92.59171108939246,-172.1904895646491,79.59877847525667,-141.17161174038074
770,2003,ATL,-123.0,123.0,-137.98994,5.4922094,-143.48215,143.48215,-113.61801481759706,22.128966727122656,-135.74698154471972,26.662160477251547,-100.02615274136153,126.68831321861308,-141.52573387849395
771,2008,CLE,-118.0,118.0,-124.10977,0.33889103,-124.44866,124.44866,-100.65611937494987,35.57691600895672,-136.23303538390658,25.378637331900894,-54.98345276325695,80.36209009515784,-142.03565169554332
772,2013,WAS,-144.0,144.0,-104.10527,54.093758,-158.19904,158.19904,-63.34770212498006,73.14285966006541,-136.4905617850455,78.65494319195201,-29.386068203940045,108.04101139589207,-142.305821972402
773,2024,OAK,-125.0,125.0,-148.82732,-1.3682232,-147.4591,147.4591,-120.64536704313716,16.804432847044545,-137.4497998901817,9.622945019425611,-68.37167842308722,77.99462344251282,-143.31215617072849
774,2014,TB,-133.0,133.0,-131.57538,12.493709,-144.06909,144.06909,-98.13605608696503,39.317064164332905,-137.45312025129795,38.549028701008524,-54.38770088407809,92.93672958508661,-143.31563955292958
775,2011,KC,-126.0,126.0,-130.04335,8.906415,-138.94977,138.94977,-106.68170048252048,31.05633002937536,-137.73803051189586,24.810607054734632,-66.4067195927662,91.21732664750083,-143.61453816544153
776,2022,CHI,-137.0,137.0,-57.096725,98.965675,-156.06241,156.06241,-43.01108681178077,95.69562679830825,-138.70671361008903,116.08203744823865,-20.4623376415744,136.54437508981306,-144.63078108139013
777,2019,CIN,-141.0,141.0,-93.7112,74.495255,-168.20645,168.20645,-69.44937008119906,69.63272791435413,-139.0820979955532,85.12882779160145,-31.936535214863717,117.06536300646516,-145.02459586271257
778,2005,HOU,-171.0,171.0,-49.46161,118.29114,-167.75275,167.75275,-38.319006978518374,101.58892738862997,-139.90793436714836,124.04461268002382,-18.83059643531233,142.87520911533616,-145.89097864974755
779,2022,ARI,-109.0,109.0,-133.25948,-2.0749574,-131.18451,131.18451,-112.94404105478694,28.279768199383337,-141.22380925417025,18.574707734114018,-69.51435171279033,88.08905944690434,-147.2714595672994
780,2003,NYG,-144.0,144.0,-156.17531,-4.4495077,-151.7258,151.7258,-132.53167483775067,9.202827637131978,-141.73450247488265,6.309618145793786,-112.08761478428428,118.39723293007808,-147.8072264953484
781,2004,CHI,-100.0,100.0,-236.12053,-128.96043,-107.160095,107.160095,-222.7861069580418,-80.77020551420676,-142.01590144383505,-112.4337840381593,-171.44801786675865,59.01423382859933,-148.1024414209381
782,2001,BUF,-155.0,155.0,-77.622375,71.07848,-148.70087,148.70087,-71.75729194984187,71.1251269963731,-142.88241894621498,50.66955499328424,-69.99900889188235,120.66856388516659,-149.01150267634932
783,2018,MIA,-114.0,114.0,-118.929596,19.171642,-138.10124,138.10124,-96.88089166548981,46.55796257217671,-143.43885423766653,43.62662320090986,-56.63586000118867,100.26248320209854,-149.59525749170243
784,2019,CAR,-130.0,130.0,-118.092926,45.72715,-163.82008,163.82008,-87.88108869791466,56.00450706614245,-143.88559576405711,61.3149983671661,-45.7239596244012,107.0389579915673,-150.06393286376303
785,2021,DET,-142.0,142.0,-85.23939,84.71394,-169.95334,169.95334,-63.14876934063321,80.95986915612949,-144.1086384967627,99.76088730754155,-31.40755442764344,131.168441735185,-150.29792641386072
786,2012,TEN,-141.0,141.0,-97.06269,64.84365,-161.90634,161.90634,-65.2879893040591,79.17269639958272,-144.46068570364181,90.58115664000377,-31.684322870988332,122.2654795109921,-150.66725822189755
787,2005,NO,-163.0,163.0,-109.770325,56.513664,-166.284,166.284,-86.9697977303137,57.87493575208731,-144.844733482401,64.31794474556398,-46.47358211868005,110.79152686424403,-151.07016174656707
788,2018,BUF,-105.0,105.0,-212.43265,-99.52995,-112.9027,112.9027,-185.4139444494793,-40.444077181303854,-144.96986726817545,-76.9501430112943,-118.68880478549791,41.73866177420359,-151.20143927538564
789,2003,DET,-109.0,109.0,-140.79906,-18.030975,-122.76809,122.76809,-144.89260172049984,0.6462689617979525,-145.53887068229778,-5.436734443712336,-106.017228545395,100.58049410168266,-151.7983792755064
790,2015,SF,-149.0,149.0,-111.026276,51.74872,-162.775,162.775,-95.90959738386624,50.09703239493318,-146.00662977879944,61.89379983700915,-60.82353935998253,122.71733919699167,-152.28910412564258
791,2007,MIA,-170.0,170.0,-45.466206,130.77931,-176.24551,176.24551,-27.664690223931682,118.40504478898191,-146.0697350129136,142.5043060702577,-6.855916147950019,149.36022221820772,-152.35530766243127
792,2015,CLE,-154.0,154.0,-114.311615,55.90133,-170.21294,170.21294,-81.35959604419536,65.02131618403493,-146.3809122282303,77.02101285337423,-44.19014944281565,121.21116229618987,-152.68176286874183
793,2009,KC,-130.0,130.0,-102.63921,40.90413,-143.54333,143.54333,-83.54161410714619,63.31297037909645,-146.85458448624263,63.930752937086176,-45.746151579098935,109.67690451618512,-153.17869120122154
794,2023,NYJ,-87.0,87.0,-258.80225,-152.43124,-106.37102,106.37102,-229.99372010067594,-82.70370946396898,-147.29001063670694,-132.31971661771652,-145.8241986872573,13.5044820695408,-153.63549564186212
795,2024,TEN,-149.0,149.0,-123.40993,50.524338,-173.93427,173.93427,-93.73620180778734,55.143847671754564,-148.8800494795419,61.30134125202761,-46.362188575281536,107.66352982730915,-155.30360125155855
796,2017,IND,-141.0,141.0,-106.97087,52.150158,-159.12102,159.12102,-92.41736611371734,56.501029332013964,-148.9183954457313,65.71504105006527,-55.292247948154404,121.00728899821968,-155.34382990483834
797,2025,CLE,-100.0,100.0,-217.2505,-97.48056,-119.76994,119.76994,-195.1944933291296,-44.301376396385265,-150.89311693274433,-81.1482975637759,-126.05320293655726,44.904905372781364,-157.4155050748621
798,2008,KC,-149.0,149.0,-47.54953,120.55663,-168.10617,168.10617,-25.755555490790208,125.34041243797272,-151.09596792876292,150.5527747070896,-3.336902529858618,153.88967723694822,-157.62831552657897
799,2024,NYG,-142.0,142.0,-116.70556,54.915512,-171.62106,171.62106,-94.01818142792143,57.74117052744115,-151.75935195536258,69.06144040099853,-51.09760414848285,120.1590445494814,-158.32426998149086
800,2022,IND,-138.0,138.0,-198.97484,-47.649235,-151.3256,151.3256,-164.97158799101467,-9.213976547258618,-155.75761144375605,-27.500402860775008,-96.84492015121528,69.34451729044027,-162.5188335996473
801,2021,ATL,-146.0,146.0,-104.955696,65.73402,-170.68971,170.68971,-81.6804279546777,76.34040105464788,-158.02082900932558,86.48422497895666,-44.123582307527634,130.6078072864843,-164.89316925446622
802,2007,SF,-145.0,145.0,-181.25629,-27.42548,-153.83081,153.83081,-159.7017984217655,-1.289242370927048,-158.41255605083842,-14.932054276036578,-104.70888360434769,89.77682932831111,-165.30412907369447
803,2012,ARI,-107.0,107.0,-235.50908,-123.12098,-112.38809,112.38809,-208.20026673792384,-48.751328770280594,-159.44893796764325,-90.68395361716166,-125.91377422115842,35.22982060399676,-166.39139464396678
804,2018,OAK,-177.0,177.0,-91.23958,108.77774,-200.01733,200.01733,-63.84336336968158,96.36595696148258,-160.20932033116418,121.34505292752061,-30.499855817429676,151.8449087449503,-167.18910980156758
805,2022,HOU,-131.0,131.0,-174.0393,-27.903135,-146.13615,146.13615,-150.91315184140325,11.98151903724926,-162.8946708786525,-3.800385614856677,-90.72607514384512,86.92568952898844,-170.00630406852022
806,2006,TB,-142.0,142.0,-189.87466,-35.85795,-154.01672,154.01672,-166.45273611522688,-3.5454749827013217,-162.90726113252558,-21.359059627445276,-105.11895326451315,83.75989363706788,-170.01951247107453
807,2002,ARI,-155.0,155.0,-50.99897,109.325264,-160.32423,160.32423,-57.30277924048051,106.60658103630549,-163.909360276786,98.81143786606509,-27.421782410367157,126.23322027643223,-171.07081207393983
808,2012,JAX,-189.0,189.0,-111.11214,81.353806,-192.46594,192.46594,-86.30164151088621,82.74763858148971,-169.04928009237594,103.81765758032911,-45.57690016238617,149.39455774271528,-176.46308856857473
809,2002,CIN,-177.0,177.0,-69.181366,124.51367,-193.69504,193.69504,-50.68389460991158,118.46780601041101,-169.1517006203226,94.71637331545966,-42.408659162035036,137.1250324774947,-176.57053767774948
810,2016,CLE,-188.0,188.0,-93.14594,118.73039,-211.87633,211.87633,-71.3954474666047,98.54868197126886,-169.94412943787356,128.17695527003937,-42.5981273615673,170.77508263160667,-177.40187268682703
811,2021,NYG,-158.0,158.0,-171.39307,3.0329247,-174.426,174.426,-144.7739401620957,25.70391372458359,-170.47785388667927,20.7354104416345,-87.37135343372465,108.10676387535915,-177.96180161629746
812,2009,TB,-156.0,156.0,-165.43874,3.2389088,-168.67766,168.67766,-136.71539747526478,33.80026129592302,-170.51565877118782,30.628637093141872,-81.09720750951935,111.72584460266123,-178.00146262219477
813,2010,ARI,-145.0,145.0,-177.48283,-12.239549,-165.24329,165.24329,-150.9276656890448,23.051964651773993,-173.9796303408188,9.416128007452091,-91.13063874859178,100.54676675604387,-181.6355061760164
814,2017,NYG,-142.0,142.0,-188.4703,-22.275314,-166.19499,166.19499,-165.2789176632162,9.303744972258606,-174.58266263547478,-3.672898810652086,-109.9473197460759,106.2744209354238,-182.26814578609677
815,2023,NE,-130.0,130.0,-250.68614,-92.35474,-158.3314,158.3314,-220.17125830848076,-45.4996657270796,-174.67159258140114,-77.37698967973213,-140.57553878376103,63.198549104028906,-182.36144196080232
816,2009,OAK,-182.0,182.0,-126.48878,68.47521,-194.96399,194.96399,-108.64973191193349,66.575734498311,-175.22546641024448,80.72687568077345,-60.02030225901415,140.7471779397876,-182.94250955240298
817,2014,TEN,-184.0,184.0,-132.41638,74.70485,-207.12123,207.12123,-103.80810658115841,71.49073214714144,-175.29883872829984,87.28982571313428,-59.44770022807272,146.737525941207,-183.0194842602198
818,2016,SF,-171.0,171.0,-122.38565,76.870415,-199.25607,199.25607,-96.41489535522274,79.24861031648035,-175.6635056717031,95.5094801289114,-57.94183155661494,153.45131168552635,-183.4020554009834
819,2017,CLE,-176.0,176.0,-179.37543,23.220407,-202.59584,202.59584,-145.9036958313696,30.483061037725086,-176.38675686909465,32.28603651027242,-82.6758371010832,114.96187361135563,-184.16081634888417
820,2001,DET,-154.0,154.0,-84.73163,81.13429,-165.86592,165.86592,-95.78838395914613,81.20108242467974,-176.98946638382586,77.78072198489741,-76.41366691510827,154.19438890000566,-184.79311733138596
821,2011,TB,-207.0,207.0,-89.38795,129.01198,-218.39992,218.39992,-57.78767784300753,120.15619602589302,-177.94387386890057,149.04561411305343,-21.153698956608558,170.199313069662,-185.79438373878443
822,2020,JAX,-186.0,186.0,-86.490555,130.26549,-216.75604,216.75604,-64.31225445954385,116.32575080912753,-180.63800526867138,148.34372663847105,-34.33933860300456,182.68306524147562,-188.62078997500205
823,2012,KC,-214.0,214.0,-131.48888,104.90361,-236.39249,236.39249,-92.77332645017358,88.64584106761137,-181.41916751778496,115.08000230734883,-46.95740687298613,162.03740918033495,-189.4403052564691
824,2011,IND,-187.0,187.0,-151.43272,51.9179,-203.35062,203.35062,-119.18135719254876,62.23892772328747,-181.42028491583622,71.30465208379702,-74.72275756470502,146.02740964850204,-189.44147751585507
825,2007,ATL,-155.0,155.0,-161.40811,14.303315,-175.71143,175.71143,-146.0786159221763,35.52067960238456,-181.59929552456086,30.13340107935614,-97.13001096476312,127.26341204411926,-189.62927707934017
826,2014,JAX,-163.0,163.0,-185.11047,-4.4268837,-180.6836,180.6836,-157.0558823536067,25.010059369342986,-182.06594172294967,18.931232830343113,-95.83702144156504,114.76825427190815,-190.11883439096408
827,2019,WAS,-169.0,169.0,-130.6542,66.00038,-196.65459,196.65459,-109.79902548567259,72.80938237496946,-182.60840786064205,85.01974623494208,-66.04654691945709,151.06629315439918,-190.68793420348288
828,2008,CIN,-160.0,160.0,-173.37851,1.7355409,-175.11404,175.11404,-152.15708961194653,32.634860221958505,-184.79194983390502,25.703217931802687,-95.47834497528738,121.18156290709007,-192.97868240188123
829,2019,MIA,-188.0,188.0,-97.42549,125.1238,-222.54929,222.54929,-76.18981460925343,108.70541587757616,-184.89523048682958,136.74580161116947,-41.39092532579811,178.1367269369676,-193.08703386593064
830,2023,WAS,-189.0,189.0,-117.756905,106.55392,-224.31082,224.31082,-87.43683714960665,97.79958047086497,-185.23641762047163,120.97029190070926,-43.49312665144819,164.46341855215746,-193.44497239941313
831,2024,CAR,-193.0,193.0,-52.76513,180.2576,-233.02274,233.02274,-36.042811011536784,150.41385040125488,-186.45666141279168,192.1961159272015,-11.900340754826296,204.0964566820278,-194.72512698452826
832,2002,DET,-145.0,145.0,-95.329956,63.37843,-158.70839,158.70839,-118.17718010105219,68.68797486612188,-186.86515496717405,77.89854609855223,-65.64458797266879,143.54313407122103,-195.15367650874938
833,2025,NYJ,-203.0,203.0,-71.89189,169.77051,-241.66238,241.66238,-61.666106044760824,126.17007207374138,-187.8361781185022,169.90776707436135,-26.733565557680024,196.64133263204138,-196.1723743683486
834,2016,LAR,-170.0,170.0,-200.29295,-6.02612,-194.26683,194.26683,-171.54278713276398,17.320596072738304,-188.8633832055023,12.322431504728534,-102.97704615333276,115.2994776580613,-197.25001255036844
835,2013,JAX,-202.0,202.0,-137.87257,71.56692,-209.4395,209.4395,-112.33696067544845,76.72171322547408,-189.0586739009225,94.6501829024985,-57.68532775575234,152.33551065825083,-197.45489151041394
836,2006,OAK,-164.0,164.0,-240.2703,-59.094532,-181.17577,181.17577,-210.12739625902512,-19.692987191135117,-190.43440906789002,-44.688373623828056,-133.22063035936586,88.5322567355378,-198.8981716917858
837,2007,LAR,-175.0,175.0,-148.12105,51.20087,-199.32193,199.32193,-127.062156504802,64.01468261418937,-191.0768391189914,66.46043231245689,-77.32761905406723,143.78805136652412,-199.57214338556471
838,2024,CLE,-177.0,177.0,-221.1064,-15.283987,-205.82242,205.82242,-190.43330887153826,2.0742260873139493,-192.5075349588522,-4.7586798052177866,-115.06039972286568,110.30171991764789,-201.0730826657562
839,2023,CAR,-180.0,180.0,-186.55086,20.510555,-207.0614,207.0614,-166.05112295542182,28.442479025082264,-194.49360198050408,27.812920805907204,-105.00652282733955,132.81944363324675,-203.1566604066268
840,2021,JAX,-204.0,204.0,-125.89847,118.7175,-244.61597,244.61597,-99.8194061765125,95.33971861886583,-195.15912479537832,123.29153264865036,-57.0938536163089,180.38538626495927,-203.8548586587483
841,2021,NYJ,-194.0,194.0,-99.861984,138.02333,-237.88531,237.88531,-78.61389430959217,119.48496833702438,-198.09886264661657,152.64838081112302,-42.43492941286492,195.08331022398795,-206.93892998366275
842,2014,OAK,-199.0,199.0,-203.47037,20.474651,-223.945,223.945,-167.8152592274816,31.592644687388727,-199.4079039148703,33.964152021316565,-103.02467093049549,136.98882295181207,-208.31224176955905
843,2023,NYG,-141.0,141.0,-208.75677,-44.126305,-164.63046,164.63046,-191.97630653653408,7.613302918827962,-199.58960945536202,-14.498278800392072,-128.71467830023778,114.2163994998457,-208.50286857894363
844,2005,SF,-189.0,189.0,-148.80473,55.324677,-204.12941,204.12941,-135.65434030488137,64.74219796447576,-200.3965382693571,67.48647389111132,-91.91411743642013,159.40059132753143,-209.349415496534
845,2021,HOU,-172.0,172.0,-154.22942,48.819485,-203.04889,203.04889,-138.19376360633555,64.51715594208171,-202.71091954841725,70.58804227583967,-88.71512378976836,159.30316606560802,-211.77742686995006
846,2001,CAR,-157.0,157.0,-143.21269,19.840555,-163.05325,163.05325,-180.9086167951151,23.810686365706488,-204.7193031608216,17.041314939013,-132.7221966179372,149.76351155695016,-213.88441688806864
847,2025,TEN,-194.0,194.0,-142.73949,87.50699,-230.24648,230.24648,-127.41708256229819,78.36531171005547,-205.78239427235366,97.67612016171681,-77.98835530665791,175.66447546837472,-214.9997030049809
848,2004,SF,-193.0,193.0,-141.66313,75.51134,-217.17447,217.17447,-128.8444622620234,79.20305596546092,-208.04751822748432,80.48181041144221,-87.66860718952111,168.15041760096332,-217.3760386481243
849,2000,CLE,-258.0,258.0,-153.48407,121.70565,-275.18973,275.18973,-114.53410336455029,101.73297827213537,-216.26708163668567,149.94147417210507,-33.97968858884997,183.92116276095504,-225.99916121769505
850,2025,OAK,-191.0,191.0,-194.17113,34.273808,-228.44493,228.44493,-173.15014346850157,44.805714283263654,-217.95585775176522,45.22992377182139,-106.94776687560886,152.17769064743024,-227.77085184260008
851,2008,LAR,-233.0,233.0,-178.69617,66.65828,-245.35445,245.35445,-146.35800946750686,78.04060180084562,-224.39861126835248,90.03124457447237,-83.79643803472385,173.82768260919622,-234.52992778048653
852,2020,NYJ,-214.0,214.0,-164.9777,81.19463,-246.17233,246.17233,-143.18925954731978,83.38496094620159,-226.57422049352138,99.94731557357142,-94.99499913288558,194.94231470645698,-236.81235375351557
853,2003,ARI,-227.0,227.0,-155.43016,87.2184,-242.64856,242.64856,-143.63451534386095,86.21779908830253,-229.8523144321635,86.90628509055938,-109.56162468673283,196.46790977729222,-240.2513935686758
854,2009,DET,-232.0,232.0,-172.44559,83.438354,-255.88394,255.88394,-141.5536785251147,89.16796230584386,-230.72164083095856,103.80790950175165,-82.14720750072107,185.95511700247272,-241.163401630002
855,2018,ARI,-200.0,200.0,-256.7634,-27.893684,-228.86972,228.86972,-229.44378740461158,2.301041106791759,-231.74482851140334,-7.6111465346177845,-149.1062849330244,141.4951383984066,-242.2368251612656
856,2011,LAR,-214.0,214.0,-247.71777,-6.0452385,-241.67255,241.67255,-218.50637633093044,16.149341599898285,-234.6557179308287,12.021928481027743,-151.33276544525677,163.3546939262845,-245.29063167148394
857,2008,DET,-249.0,249.0,-115.79302,164.84567,-280.6387,280.6387,-96.83274687265244,138.94626765917783,-235.77901453183026,182.05835370851102,-54.95271966728559,237.01107337579663,-246.46907921062882
858,2010,CAR,-212.0,212.0,-242.35396,-7.2781086,-235.07585,235.07585,-214.010624212328,24.921861788432373,-238.93248600076035,13.512929983505064,-137.61964705412143,151.13257703762648,-249.7773779173202
859,2009,LAR,-261.0,261.0,-198.60333,90.30904,-288.91235,288.91235,-170.20179311486368,87.02417642154599,-257.22596953640965,106.61943978302152,-103.95358937393124,210.57302915695277,-268.96902385994275
860,2001,JAX,8.0,-8.0,-262.799,-3.0144758,-259.78455,259.78455,-276.1482256652834,-0.4856279848305416,-275.66259768045285,-15.17927430909241,-249.4376829464135,234.2584086373211,-288.31084243849534
861,2002,JAX,13.0,-13.0,-236.09468,40.872646,-276.96732,276.96732,-249.90652457582448,48.20437791084058,-298.11090248666505,35.38117199676538,-197.24939000548693,232.63056200225233,-311.86130055727523
